Country,ObservatoryID,UnitID,DateDeployed,DateCollected,EventID,MaterialSampleID,FieldReplicate,Fraction,Preservative,SequencingRunRepeat,SequencingRunComment,Filter,CrateCover,Number of images,Sequences available,,
BEL,BelgiumCoast,AZBE1,2019-09-24,2020-03-03,ARMS_BelgiumCoast_AZBE1_20190924_20200303,ARMS_BelgiumCoast_AZBE1_20190924_20200303_MF100,no replicate,Motile,DMSO,first sequencing run,Not provided,100,no,39,COI; 18S,,
BEL,BelgiumCoast,AZBE1,2019-09-24,2020-03-03,ARMS_BelgiumCoast_AZBE1_20190924_20200303,ARMS_BelgiumCoast_AZBE1_20190924_20200303_MF500,no replicate,Motile,DMSO,first sequencing run,Not provided,500,no,39,COI; ITS; 18S,,
BEL,BelgiumCoast,AZBE1,2019-09-24,2020-03-03,ARMS_BelgiumCoast_AZBE1_20190924_20200303,ARMS_BelgiumCoast_AZBE1_20190924_20200303_SF40,no replicate,Sessile,DMSO,first sequencing run,Not provided,40,no,39,COI; ITS; 18S,,
BEL,BelgiumCoast,AZFPin,2018-07-12,2018-08-18,ARMS_BelgiumCoast_AZFPin_20180712_20180818,ARMS_BelgiumCoast_AZFPin_20180712_20180818_MF200_ETOH,no replicate,Motile,EtOH,first sequencing run,Not provided,200,no,294,COI; 18S,,
BEL,BelgiumCoast,AZFPin,2018-07-12,2018-08-18,ARMS_BelgiumCoast_AZFPin_20180712_20180818,ARMS_BelgiumCoast_AZFPin_20180712_20180818_MF500_ETOH,no replicate,Motile,EtOH,first sequencing run,Not provided,500,no,294,COI; ITS; 18S,,
DNK,Laeso,Laeso1,2019-08-19,2020-08-11,ARMS_Laeso_Laeso1_20190819_20200811,ARMS_Laeso_Laeso1_20190819_20200811_MF100,ARMS_Laeso_Laeso_20190819_20200811,Motile,DMSO,first sequencing run,Not provided,100,yes,27,COI; ITS; 18S,,
DNK,Laeso,Laeso1,2019-08-19,2020-08-11,ARMS_Laeso_Laeso1_20190819_20200811,ARMS_Laeso_Laeso1_20190819_20200811_MF500,ARMS_Laeso_Laeso_20190819_20200811,Motile,DMSO,first sequencing run,Not provided,500,yes,27,COI; ITS; 18S,,
DNK,Laeso,Laeso1,2019-08-19,2020-08-11,ARMS_Laeso_Laeso1_20190819_20200811,ARMS_Laeso_Laeso1_20190819_20200811_SF40,ARMS_Laeso_Laeso_20190819_20200811,Sessile,DMSO,first sequencing run,Not provided,40,yes,27,COI; ITS; 18S,,
DNK,Laeso,Laeso2,2019-08-19,2020-08-11,ARMS_Laeso_Laeso2_20190819_20200811,ARMS_Laeso_Laeso2_20190819_20200811_MF100,ARMS_Laeso_Laeso_20190819_20200811,Motile,DMSO,first sequencing run,Not provided,100,yes,21,COI; ITS; 18S,,
DNK,Laeso,Laeso2,2019-08-19,2020-08-11,ARMS_Laeso_Laeso2_20190819_20200811,ARMS_Laeso_Laeso2_20190819_20200811_MF500,ARMS_Laeso_Laeso_20190819_20200811,Motile,DMSO,first sequencing run,Not provided,500,yes,21,COI; 18S,,
DNK,Laeso,Laeso2,2019-08-19,2020-08-11,ARMS_Laeso_Laeso2_20190819_20200811,ARMS_Laeso_Laeso2_20190819_20200811_SF40,ARMS_Laeso_Laeso_20190819_20200811,Sessile,DMSO,first sequencing run,Not provided,40,yes,21,COI; ITS; 18S,,
DNK,Laeso,Laeso3,2019-08-19,2020-08-11,ARMS_Laeso_Laeso3_20190819_20200811,ARMS_Laeso_Laeso3_20190819_20200811_MF100,ARMS_Laeso_Laeso_20190819_20200811,Motile,DMSO,first sequencing run,Not provided,100,yes,21,COI; ITS; 18S,,
DNK,Laeso,Laeso3,2019-08-19,2020-08-11,ARMS_Laeso_Laeso3_20190819_20200811,ARMS_Laeso_Laeso3_20190819_20200811_MF500,ARMS_Laeso_Laeso_20190819_20200811,Motile,DMSO,first sequencing run,Not provided,500,yes,21,COI; ITS; 18S,,
DNK,Laeso,Laeso3,2019-08-19,2020-08-11,ARMS_Laeso_Laeso3_20190819_20200811,ARMS_Laeso_Laeso3_20190819_20200811_SF40,ARMS_Laeso_Laeso_20190819_20200811,Sessile,DMSO,first sequencing run,Not provided,40,yes,21,COI; ITS; 18S,,
DNK,Limfjord,Green33,2019-06-18,2019-10-29,ARMS_Limfjord_Green33_20190618_20191029,ARMS_Limfjord_Green33_20190618_20191029_MF100,ARMS_Limfjord_Limfjord_20190618_20191029,Motile,DMSO,first sequencing run,Not provided,100,yes,28,COI; ITS; 18S,,
DNK,Limfjord,Green33,2019-06-18,2019-10-29,ARMS_Limfjord_Green33_20190618_20191029,ARMS_Limfjord_Green33_20190618_20191029_MF500,ARMS_Limfjord_Limfjord_20190618_20191029,Motile,DMSO,first sequencing run,Not provided,500,yes,28,COI; ITS; 18S,,
DNK,Limfjord,Green33,2019-06-18,2019-10-29,ARMS_Limfjord_Green33_20190618_20191029,ARMS_Limfjord_Green33_20190618_20191029_SF40,ARMS_Limfjord_Limfjord_20190618_20191029,Sessile,DMSO,first sequencing run,Not provided,40,yes,28,COI; ITS; 18S,,
DNK,Limfjord,Green33,2019-10-29,2020-11-10,ARMS_Limfjord_Green33_20191029_20201110,ARMS_Limfjord_Green33_20191029_20201110_MF100,ARMS_Limfjord_Limfjord_20191029_20201110,Motile,DMSO,first sequencing run,Not provided,100,not provided,24,COI; 18S,,
DNK,Limfjord,Green33,2019-10-29,2020-11-10,ARMS_Limfjord_Green33_20191029_20201110,ARMS_Limfjord_Green33_20191029_20201110_MF500,ARMS_Limfjord_Limfjord_20191029_20201110,Motile,DMSO,first sequencing run,Not provided,500,not provided,24,COI; 18S,,
DNK,Limfjord,Green33,2019-10-29,2020-11-10,ARMS_Limfjord_Green33_20191029_20201110,ARMS_Limfjord_Green33_20191029_20201110_SF40,ARMS_Limfjord_Limfjord_20191029_20201110,Sessile,DMSO,first sequencing run,Not provided,40,not provided,24,COI; 18S,,
DNK,Limfjord,Red2,2019-06-18,2019-10-29,ARMS_Limfjord_Red2_20190618_20191029,ARMS_Limfjord_Red2_20190618_20191029_MF100,ARMS_Limfjord_Limfjord_20190618_20191029,Motile,DMSO,first sequencing run,Not provided,100,yes,56,COI; ITS; 18S,,
DNK,Limfjord,Red2,2019-06-18,2019-10-29,ARMS_Limfjord_Red2_20190618_20191029,ARMS_Limfjord_Red2_20190618_20191029_MF500,ARMS_Limfjord_Limfjord_20190618_20191029,Motile,DMSO,first sequencing run,Not provided,500,yes,56,COI; ITS; 18S,, 
DNK,Limfjord,Red2,2019-06-18,2019-10-29,ARMS_Limfjord_Red2_20190618_20191029,ARMS_Limfjord_Red2_20190618_20191029_SF40,ARMS_Limfjord_Limfjord_20190618_20191029,Sessile,DMSO,first sequencing run,Not provided,40,yes,56,COI; ITS; 18S,,
DNK,Limfjord,Red2,2019-10-29,2020-11-10,ARMS_Limfjord_Red2_20191029_20201110,ARMS_Limfjord_Red2_20191029_20201110_MF100,ARMS_Limfjord_Limfjord_20191029_20201110,Motile,DMSO,first sequencing run,Not provided,100,not provided,21,COI; 18S,,
DNK,Limfjord,Red2,2019-10-29,2020-11-10,ARMS_Limfjord_Red2_20191029_20201110,ARMS_Limfjord_Red2_20191029_20201110_MF500,ARMS_Limfjord_Limfjord_20191029_20201110,Motile,DMSO,first sequencing run,Not provided,500,not provided,21,COI; 18S,,
DNK,Limfjord,Red2,2019-10-29,2020-11-10,ARMS_Limfjord_Red2_20191029_20201110,ARMS_Limfjord_Red2_20191029_20201110_SF40,ARMS_Limfjord_Limfjord_20191029_20201110,Sessile,DMSO,first sequencing run,Not provided,40,not provided,21,COI; 18S,,
DNK,Limfjord,Yellow8,2019-06-18,2019-10-29,ARMS_Limfjord_Yellow8_20190618_20191029,ARMS_Limfjord_Yellow8_20190618_20191029_MF100,ARMS_Limfjord_Limfjord_20190618_20191029,Motile,DMSO,first sequencing run,Not provided,100,not provided,99,COI; ITS; 18S,,
DNK,Limfjord,Yellow8,2019-06-18,2019-10-29,ARMS_Limfjord_Yellow8_20190618_20191029,ARMS_Limfjord_Yellow8_20190618_20191029_MF500,ARMS_Limfjord_Limfjord_20190618_20191029,Motile,DMSO,first sequencing run,Not provided,500,not provided,99,COI; ITS; 18S,,
DNK,Limfjord,Yellow8,2019-06-18,2019-10-29,ARMS_Limfjord_Yellow8_20190618_20191029,ARMS_Limfjord_Yellow8_20190618_20191029_SF40,ARMS_Limfjord_Limfjord_20190618_20191029,Sessile,DMSO,first sequencing run,Not provided,40,not provided,99,COI; ITS; 18S,,
ESP,Getxo,G1,2019-06-24,2019-10-16,ARMS_Getxo_G1_20190624_20191016,ARMS_Getxo_G1_20190624_20191016_MF100,ARMS_Getxo_G_20190624_20191016,Motile,DMSO,first sequencing run,Not provided,100,no,134,COI; 18S,,
ESP,Getxo,G1,2019-06-24,2019-10-16,ARMS_Getxo_G1_20190624_20191016,ARMS_Getxo_G1_20190624_20191016_MF500,ARMS_Getxo_G_20190624_20191016,Motile,DMSO,first sequencing run,Not provided,500,no,134,COI; 18S,,
ESP,Getxo,G1,2019-06-24,2019-10-16,ARMS_Getxo_G1_20190624_20191016,ARMS_Getxo_G1_20190624_20191016_SF40,ARMS_Getxo_G_20190624_20191016,Sessile,DMSO,first sequencing run,Not provided,40,no,134,COI; 18S,,
ESP,Getxo,G2,2019-06-24,2019-10-16,ARMS_Getxo_G2_20190624_20191016,ARMS_Getxo_G2_20190624_20191016_MF100,ARMS_Getxo_G_20190624_20191016,Motile,DMSO,first sequencing run,Not provided,100,no,121,COI; ITS; 18S,,
ESP,Getxo,G2,2019-06-24,2019-10-16,ARMS_Getxo_G2_20190624_20191016,ARMS_Getxo_G2_20190624_20191016_MF500,ARMS_Getxo_G_20190624_20191016,Motile,DMSO,first sequencing run,Not provided,500,no,121,COI; 18S,,
ESP,Getxo,G2,2019-06-24,2019-10-16,ARMS_Getxo_G2_20190624_20191016,ARMS_Getxo_G2_20190624_20191016_SF40,ARMS_Getxo_G_20190624_20191016,Sessile,DMSO,first sequencing run,Not provided,40,no,121,COI; 18S,,
ESP,Getxo,G3,2019-06-24,2019-10-16,ARMS_Getxo_G3_20190624_20191016,ARMS_Getxo_G3_20190624_20191016_MF100,ARMS_Getxo_G_20190624_20191016,Motile,DMSO,first sequencing run,Not provided,100,no,222,COI; 18S,,
ESP,Getxo,G3,2019-06-24,2019-10-16,ARMS_Getxo_G3_20190624_20191016,ARMS_Getxo_G3_20190624_20191016_MF500,ARMS_Getxo_G_20190624_20191016,Motile,DMSO,first sequencing run,Not provided,500,no,222,COI; 18S,,
ESP,Getxo,G3,2019-06-24,2019-10-16,ARMS_Getxo_G3_20190624_20191016,ARMS_Getxo_G3_20190624_20191016_SF40,ARMS_Getxo_G_20190624_20191016,Sessile,DMSO,first sequencing run,Not provided,40,no,222,COI; 18S,,
ESP,Vigo,TorallaA,2018-06-07,2018-09-24,ARMS_Vigo_TorallaA_20180607_20180924,ARMS_Vigo_TorallaA_20180607_20180924_MF100_ETOH,no replicate,Motile,EtOH,first sequencing run,Not provided,100,not provided,25,COI; 18S,,
ESP,Vigo,TorallaA,2018-06-07,2018-09-24,ARMS_Vigo_TorallaA_20180607_20180924,ARMS_Vigo_TorallaA_20180607_20180924_MF500_ETOH,no replicate,Motile,EtOH,first sequencing run,Not provided,500,not provided,25,COI; 18S,,
ESP,Vigo,TorallaA,2018-06-07,2018-09-24,ARMS_Vigo_TorallaA_20180607_20180924,ARMS_Vigo_TorallaA_20180607_20180924_SF40_ETOH,no replicate,Sessile,EtOH,first sequencing run,Not provided,40,not provided,25,COI; ITS; 18S,,
ESP,Vigo,TorallaA,2019-06-25,2019-10-14,ARMS_Vigo_TorallaA_20190625_20191014,ARMS_Vigo_TorallaA_20190625_20191014_MF100,ARMS_Vigo_Toralla_20190625_20191014,Motile,DMSO,first sequencing run,PCR amplification and sequencing will be repeated due to limited results obtained from these sequences,100,not provided,21,COI; ITS; 18S,,
ESP,Vigo,TorallaA,2019-06-25,2019-10-14,ARMS_Vigo_TorallaA_20190625_20191014,ARMS_Vigo_TorallaA_20190625_20191014_MF100,ARMS_Vigo_Toralla_20190625_20191014,Motile,DMSO,second sequencing run (repeat),PCR amplification and sequencing was repeated due to limited results obtained from the previous sequencing,100,not provided,21,,,
ESP,Vigo,TorallaA,2019-06-25,2019-10-14,ARMS_Vigo_TorallaA_20190625_20191014,ARMS_Vigo_TorallaA_20190625_20191014_MF500,ARMS_Vigo_Toralla_20190625_20191014,Motile,DMSO,first sequencing run,PCR amplification and sequencing will be repeated due to limited results obtained from these sequences,500,not provided,21,COI; ITS; 18S,,
ESP,Vigo,TorallaA,2019-06-25,2019-10-14,ARMS_Vigo_TorallaA_20190625_20191014,ARMS_Vigo_TorallaA_20190625_20191014_MF500,ARMS_Vigo_Toralla_20190625_20191014,Motile,DMSO,second sequencing run (repeat),PCR amplification and sequencing was repeated due to limited results obtained from the previous sequencing,500,not provided,21,COI; 18S,,
ESP,Vigo,TorallaA,2019-06-25,2019-10-14,ARMS_Vigo_TorallaA_20190625_20191014,ARMS_Vigo_TorallaA_20190625_20191014_SF40,ARMS_Vigo_Toralla_20190625_20191014,Sessile,DMSO,first sequencing run,Not provided,40,not provided,21,COI; ITS; 18S,,
ESP,Vigo,TorallaB,2019-06-25,2019-10-14,ARMS_Vigo_TorallaB_20190625_20191014,ARMS_Vigo_TorallaB_20190625_20191014_MF100,ARMS_Vigo_Toralla_20190625_20191014,Motile,DMSO,first sequencing run, ,100,not provided,18,COI; ITS; 18S,,
ESP,Vigo,TorallaB,2019-06-25,2019-10-14,ARMS_Vigo_TorallaB_20190625_20191014,ARMS_Vigo_TorallaB_20190625_20191014_MF500,ARMS_Vigo_Toralla_20190625_20191014,Motile,DMSO,first sequencing run,PCR amplification and sequencing will be repeated due to limited results obtained from these sequences,500,not provided,18,COI; ITS; 18S,,
ESP,Vigo,TorallaB,2019-06-25,2019-10-14,ARMS_Vigo_TorallaB_20190625_20191014,ARMS_Vigo_TorallaB_20190625_20191014_MF500,ARMS_Vigo_Toralla_20190625_20191014,Motile,DMSO,second sequencing run (repeat),PCR amplification and sequencing was repeated due to limited results obtained from the previous sequencing,500,not provided,18,COI; 18S,,
ESP,Vigo,TorallaB,2019-06-25,2019-10-14,ARMS_Vigo_TorallaB_20190625_20191014,ARMS_Vigo_TorallaB_20190625_20191014_SF40,ARMS_Vigo_Toralla_20190625_20191014,Sessile,DMSO,first sequencing run,Not provided,40,not provided,18,COI; 18S,,
ESP,Vigo,TorallaC,2019-06-25,2019-10-14,ARMS_Vigo_TorallaC_20190625_20191014,ARMS_Vigo_TorallaC_20190625_20191014_MF100,ARMS_Vigo_Toralla_20190625_20191014,Motile,DMSO,first sequencing run,PCR amplification and sequencing will be repeated due to limited results obtained from these sequences,100,not provided,18,COI; ITS; 18S,,
ESP,Vigo,TorallaC,2019-06-25,2019-10-14,ARMS_Vigo_TorallaC_20190625_20191014,ARMS_Vigo_TorallaC_20190625_20191014_MF100,ARMS_Vigo_Toralla_20190625_20191014,Motile,DMSO,second sequencing run (repeat),PCR amplification and sequencing was repeated due to limited results obtained from the previous sequencing,100,not provided,18,,,
ESP,Vigo,TorallaC,2019-06-25,2019-10-14,ARMS_Vigo_TorallaC_20190625_20191014,ARMS_Vigo_TorallaC_20190625_20191014_MF500,ARMS_Vigo_Toralla_20190625_20191014,Motile,DMSO,first sequencing run,PCR amplification and sequencing will be repeated due to limited results obtained from these sequences,500,not provided,18,COI; ITS; 18S,,
ESP,Vigo,TorallaC,2019-06-25,2019-10-14,ARMS_Vigo_TorallaC_20190625_20191014,ARMS_Vigo_TorallaC_20190625_20191014_MF500,ARMS_Vigo_Toralla_20190625_20191014,Motile,DMSO,second sequencing run (repeat),PCR amplification and sequencing was repeated due to limited results obtained from the previous sequencing,500,not provided,18,COI; 18S,,
ESP,Vigo,TorallaC,2019-06-25,2019-10-14,ARMS_Vigo_TorallaC_20190625_20191014,ARMS_Vigo_TorallaC_20190625_20191014_SF40,ARMS_Vigo_Toralla_20190625_20191014,Sessile,DMSO,first sequencing run,Not provided,40,not provided,18,COI; 18S,,
FIN,TZS,Angbat,2018-07-11,2018-11-06,ARMS_TZS_Angbat_20180711_20181106,ARMS_TZS_Angbat_20180711_20181106_MF100_ETOH,no replicate,Motile,EtOH,first sequencing run,Not provided,100,not provided,105,COI; 18S,,
FIN,TZS,Angbat,2018-07-11,2018-11-06,ARMS_TZS_Angbat_20180711_20181106,ARMS_TZS_Angbat_20180711_20181106_MF500_ETOH,no replicate,Motile,EtOH,first sequencing run,Not provided,500,not provided,105,COI; ITS; 18S,,
FIN,TZS,Angbat,2018-07-11,2018-11-06,ARMS_TZS_Angbat_20180711_20181106,ARMS_TZS_Angbat_20180711_20181106_SF48_ETOH,no replicate,Sessile,EtOH,first sequencing run,PCR amplification and sequencing will be repeated due to limited results obtained from these sequences,48,not provided,105,COI; 18S,,
FIN,TZS,Angbat,2018-07-11,2018-11-06,ARMS_TZS_Angbat_20180711_20181106,ARMS_TZS_Angbat_20180711_20181106_SF48_ETOH,no replicate,Sessile,EtOH,second sequencing run (repeat),PCR amplification and sequencing was repeated due to limited results obtained from the previous sequencing,48,not provided,105,,,
FIN,TZS,Spikarna,2018-07-11,2018-11-07,ARMS_TZS_Spikarna_20180711_20181107,ARMS_TZS_Spikarna_20180711_20181107_MF100_ETOH,no replicate,Motile,EtOH,first sequencing run,Not provided,100,not provided,111,COI; 18S,,
FIN,TZS,Spikarna,2018-07-11,2018-11-07,ARMS_TZS_Spikarna_20180711_20181107,ARMS_TZS_Spikarna_20180711_20181107_MF500_ETOH,no replicate,Motile,EtOH,first sequencing run,Not provided,500,not provided,111,COI; ITS; 18S,,
FIN,TZS,Spikarna,2018-07-11,2018-11-07,ARMS_TZS_Spikarna_20180711_20181107,ARMS_TZS_Spikarna_20180711_20181107_SF48_ETOH,no replicate,Sessile,EtOH,first sequencing run,Not provided,48,not provided,111,COI; 18S,,
FRA,Roscoff,BasBloS1,2018-07-11,2018-10-25,ARMS_Roscoff_BasBloS1_20180711_20181025,ARMS_Roscoff_BasBloS1_20180711_20181025_MF100_DMSO,ARMS_Roscoff_BasBloS_20180711_20181025,Motile,DMSO,first sequencing run,Not provided,100,not provided,0,COI; 18S,,
FRA,Roscoff,BasBloS1,2018-07-11,2018-10-25,ARMS_Roscoff_BasBloS1_20180711_20181025,ARMS_Roscoff_BasBloS1_20180711_20181025_MF500_DMSO,ARMS_Roscoff_BasBloS_20180711_20181025,Motile,DMSO,first sequencing run,Not provided,500,not provided,0,COI; 18S,,
FRA,Roscoff,BasBloS1,2018-07-11,2018-10-25,ARMS_Roscoff_BasBloS1_20180711_20181025,ARMS_Roscoff_BasBloS1_20180711_20181025_SF40_DMSO_A,ARMS_Roscoff_BasBloS_20180711_20181025,Sessile,DMSO,first sequencing run,Not provided,40,not provided,0,COI; ITS; 18S,,
FRA,Roscoff,BasBloS1,2018-07-11,2018-10-25,ARMS_Roscoff_BasBloS1_20180711_20181025,ARMS_Roscoff_BasBloS1_20180711_20181025_SF40_DMSO_B,ARMS_Roscoff_BasBloS_20180711_20181025,Sessile,DMSO,first sequencing run,Not provided,40,not provided,0,COI; 18S,,
FRA,Roscoff,BasBloS1,2018-07-11,2018-10-25,ARMS_Roscoff_BasBloS1_20180711_20181025,ARMS_Roscoff_BasBloS1_20180711_20181025_SF40_ETOH_A,ARMS_Roscoff_BasBloS_20180711_20181025,Sessile,EtOH,first sequencing run,Not provided,40,not provided,0,COI; ITS; 18S,,
FRA,Roscoff,BasBloS1,2018-07-11,2018-10-25,ARMS_Roscoff_BasBloS1_20180711_20181025,ARMS_Roscoff_BasBloS1_20180711_20181025_SF40_ETOH_B,ARMS_Roscoff_BasBloS_20180711_20181025,Sessile,EtOH,first sequencing run,Not provided,40,not provided,0,COI; 18S,,
FRA,Roscoff,BasBloS1,2019-06-12,2020-05-27,ARMS_Roscoff_BasBloS1_20190612_20200527,ARMS_Roscoff_BasBloS1_20190612_20200527_MF100,ARMS_Roscoff_BasBloS_20190612_20200527,Motile,DMSO,first sequencing run,Not provided,100,not provided,0,COI; 18S,,
FRA,Roscoff,BasBloS1,2019-06-12,2020-05-27,ARMS_Roscoff_BasBloS1_20190612_20200527,ARMS_Roscoff_BasBloS1_20190612_20200527_MF500,ARMS_Roscoff_BasBloS_20190612_20200527,Motile,DMSO,first sequencing run,Not provided,500,not provided,0,COI; 18S,,
FRA,Roscoff,BasBloS1,2019-06-12,2020-05-27,ARMS_Roscoff_BasBloS1_20190612_20200527,ARMS_Roscoff_BasBloS1_20190612_20200527_SF40,ARMS_Roscoff_BasBloS_20190612_20200527,Sessile,DMSO,first sequencing run,Not provided,40,not provided,0,COI; ITS; 18S,,
FRA,Roscoff,BasBloS2,2019-06-12,2020-05-28,ARMS_Roscoff_BasBloS2_20190612_20200528,ARMS_Roscoff_BasBloS2_20190612_20200528_MF100,ARMS_Roscoff_BasBloS_20190612_20200527,Motile,DMSO,first sequencing run,Not provided,100,not provided,0,COI; ITS; 18S,,
FRA,Roscoff,BasBloS2,2019-06-12,2020-05-28,ARMS_Roscoff_BasBloS2_20190612_20200528,ARMS_Roscoff_BasBloS2_20190612_20200528_MF500,ARMS_Roscoff_BasBloS_20190612_20200527,Motile,DMSO,first sequencing run,Not provided,500,not provided,0,COI; ITS; 18S,,
FRA,Roscoff,BasBloS2,2019-06-12,2020-05-28,ARMS_Roscoff_BasBloS2_20190612_20200528,ARMS_Roscoff_BasBloS2_20190612_20200528_SF40,ARMS_Roscoff_BasBloS_20190612_20200527,Sessile,DMSO,first sequencing run,Not provided,40,not provided,0,COI; 18S,,
FRA,Roscoff,BasBloS3,2019-06-12,2020-05-29,ARMS_Roscoff_BasBloS3_20190612_20200529,ARMS_Roscoff_BasBloS3_20190612_20200529_MF100,ARMS_Roscoff_BasBloS_20190612_20200527,Motile,DMSO,first sequencing run,Not provided,100,not provided,0,COI; ITS; 18S,,
FRA,Roscoff,BasBloS3,2019-06-12,2020-05-29,ARMS_Roscoff_BasBloS3_20190612_20200529,ARMS_Roscoff_BasBloS3_20190612_20200529_MF500,ARMS_Roscoff_BasBloS_20190612_20200527,Motile,DMSO,first sequencing run,Not provided,500,not provided,0,COI; ITS; 18S,,
FRA,Roscoff,BasBloS3,2019-06-12,2020-05-29,ARMS_Roscoff_BasBloS3_20190612_20200529,ARMS_Roscoff_BasBloS3_20190612_20200529_SF40,ARMS_Roscoff_BasBloS_20190612_20200527,Sessile,DMSO,first sequencing run,Not provided,40,not provided,0,COI; ITS; 18S,,
FRA,Roscoff,MarBloR1,2018-07-09,2018-10-24,ARMS_Roscoff_MarBloR1_20180709_20181024,ARMS_Roscoff_MarBloR1_20180709_20181024_MF100_DMSO,ARMS_Roscoff_MarBloR_20180709_20181024,Motile,DMSO,first sequencing run,Not provided,100,not provided,18,COI; 18S,,
FRA,Roscoff,MarBloR1,2018-07-09,2018-10-24,ARMS_Roscoff_MarBloR1_20180709_20181024,ARMS_Roscoff_MarBloR1_20180709_20181024_MF100_ETOH,ARMS_Roscoff_MarBloR_20180709_20181024,Motile,EtOH,first sequencing run,Not provided,100,not provided,18,COI; 18S,,
FRA,Roscoff,MarBloR1,2018-07-09,2018-10-24,ARMS_Roscoff_MarBloR1_20180709_20181024,ARMS_Roscoff_MarBloR1_20180709_20181024_MF500_DMSO,ARMS_Roscoff_MarBloR_20180709_20181024,Motile,DMSO,first sequencing run,Not provided,500,not provided,18,COI; 18S,,
FRA,Roscoff,MarBloR1,2018-07-09,2018-10-24,ARMS_Roscoff_MarBloR1_20180709_20181024,ARMS_Roscoff_MarBloR1_20180709_20181024_MF500_ETOH,ARMS_Roscoff_MarBloR_20180709_20181024,Motile,EtOH,first sequencing run,Not provided,500,not provided,18,COI; 18S,,
FRA,Roscoff,MarBloR1,2018-07-09,2018-10-24,ARMS_Roscoff_MarBloR1_20180709_20181024,ARMS_Roscoff_MarBloR1_20180709_20181024_SF40_DMSO,ARMS_Roscoff_MarBloR_20180709_20181024,Sessile,DMSO,first sequencing run,Not provided,40,not provided,18,COI; 18S,,
FRA,Roscoff,MarBloR1,2018-07-09,2018-10-24,ARMS_Roscoff_MarBloR1_20180709_20181024,ARMS_Roscoff_MarBloR1_20180709_20181024_SF40_ETOH,ARMS_Roscoff_MarBloR_20180709_20181024,Sessile,EtOH,first sequencing run,Not provided,40,not provided,18,COI; 18S,,
FRA,Roscoff,MarBloR1,2019-06-12,2019-09-16,ARMS_Roscoff_MarBloR1_20190612_20190916,ARMS_Roscoff_MarBloR1_20190612_20190916_MF100,ARMS_Roscoff_MarBloR_20190612_20190916,Motile,DMSO,first sequencing run,Not provided,100,not provided,18,COI; ITS; 18S,,
FRA,Roscoff,MarBloR1,2019-06-12,2019-09-16,ARMS_Roscoff_MarBloR1_20190612_20190916,ARMS_Roscoff_MarBloR1_20190612_20190916_MF500,ARMS_Roscoff_MarBloR_20190612_20190916,Motile,DMSO,first sequencing run,Not provided,500,not provided,18,COI; ITS; 18S,,
FRA,Roscoff,MarBloR1,2019-06-12,2019-09-16,ARMS_Roscoff_MarBloR1_20190612_20190916,ARMS_Roscoff_MarBloR1_20190612_20190916_SF40,ARMS_Roscoff_MarBloR_20190612_20190916,Sessile,DMSO,first sequencing run,Not provided,40,not provided,18,COI; ITS; 18S,,
FRA,Roscoff,MarBloR2,2019-06-12,2019-09-17,ARMS_Roscoff_MarBloR2_20190612_20190917,ARMS_Roscoff_MarBloR2_20190612_20190917_MF100,ARMS_Roscoff_MarBloR_20190612_20190916,Motile,DMSO,first sequencing run,Not provided,100,not provided,18,COI; ITS; 18S,,
FRA,Roscoff,MarBloR2,2019-06-12,2019-09-17,ARMS_Roscoff_MarBloR2_20190612_20190917,ARMS_Roscoff_MarBloR2_20190612_20190917_MF500,ARMS_Roscoff_MarBloR_20190612_20190916,Motile,DMSO,first sequencing run,Not provided,500,not provided,18,COI; ITS; 18S,,
FRA,Roscoff,MarBloR2,2019-06-12,2019-09-17,ARMS_Roscoff_MarBloR2_20190612_20190917,ARMS_Roscoff_MarBloR2_20190612_20190917_SF40,ARMS_Roscoff_MarBloR_20190612_20190916,Sessile,DMSO,first sequencing run,Not provided,40,not provided,18,COI; ITS; 18S,,
FRA,Roscoff,MarBloR3,2019-06-12,2019-09-18,ARMS_Roscoff_MarBloR3_20190612_20190918,ARMS_Roscoff_MarBloR3_20190612_20190918_MF100,ARMS_Roscoff_MarBloR_20190612_20190916,Motile,DMSO,first sequencing run,Not provided,100,not provided,18,COI; ITS; 18S,,
FRA,Roscoff,MarBloR3,2019-06-12,2019-09-18,ARMS_Roscoff_MarBloR3_20190612_20190918,ARMS_Roscoff_MarBloR3_20190612_20190918_MF500,ARMS_Roscoff_MarBloR_20190612_20190916,Motile,DMSO,first sequencing run,Not provided,500,not provided,18,COI; ITS; 18S,,
FRA,Roscoff,MarBloR3,2019-06-12,2019-09-18,ARMS_Roscoff_MarBloR3_20190612_20190918,ARMS_Roscoff_MarBloR3_20190612_20190918_SF40,ARMS_Roscoff_MarBloR_20190612_20190916,Sessile,DMSO,first sequencing run,Not provided,40,not provided,18,COI; ITS; 18S,,
GBR,Plymouth,MBA1,2018-07-01,2018-10-01,ARMS_Plymouth_MBA1_20180701_20181001,ARMS_Plymouth_MBA1_20180701_20181001_MF100_DMSO,no replicate,Motile,DMSO,first sequencing run,Not provided,100,not provided,24,COI; 18S,,
GBR,Plymouth,MBA1,2018-07-01,2018-10-01,ARMS_Plymouth_MBA1_20180701_20181001,ARMS_Plymouth_MBA1_20180701_20181001_MF100_ETOH,no replicate,Motile,EtOH,first sequencing run,Not provided,100,not provided,24,COI; 18S,,
GBR,Plymouth,MBA1,2018-07-01,2018-10-01,ARMS_Plymouth_MBA1_20180701_20181001,ARMS_Plymouth_MBA1_20180701_20181001_MF500_DMSO,no replicate,Motile,DMSO,first sequencing run,Not provided,500,not provided,24,COI; 18S,,
GBR,Plymouth,MBA1,2018-07-01,2018-10-01,ARMS_Plymouth_MBA1_20180701_20181001,ARMS_Plymouth_MBA1_20180701_20181001_MF500_ETOH,no replicate,Motile,EtOH,first sequencing run,Not provided,500,not provided,24,COI; 18S,,
GBR,Plymouth,MBA1,2018-07-01,2018-10-01,ARMS_Plymouth_MBA1_20180701_20181001,ARMS_Plymouth_MBA1_20180701_20181001_SF40_DMSO,no replicate,Sessile,DMSO,first sequencing run,Not provided,40,not provided,24,COI; 18S,,
GBR,Plymouth,MBA1,2018-07-01,2018-10-01,ARMS_Plymouth_MBA1_20180701_20181001,ARMS_Plymouth_MBA1_20180701_20181001_SF40_ETOH,no replicate,Sessile,EtOH,first sequencing run,Not provided,40,not provided,24,COI; 18S,,
GBR,Plymouth,MBA1A,2019-07-16,2019-09-16,ARMS_Plymouth_MBA1A_20190716_20190916,ARMS_Plymouth_MBA1A_20190716_20190916_MF100,ARMS_Plymouth_MBA1_20190716_20190916,Motile,DMSO,first sequencing run,Not provided,100,not provided,21,COI; ITS; 18S,,
GBR,Plymouth,MBA1A,2019-07-16,2019-09-16,ARMS_Plymouth_MBA1A_20190716_20190916,ARMS_Plymouth_MBA1A_20190716_20190916_MF500,ARMS_Plymouth_MBA1_20190716_20190916,Motile,DMSO,first sequencing run,Not provided,500,not provided,21,COI; ITS; 18S,,
GBR,Plymouth,MBA1A,2019-07-16,2019-09-16,ARMS_Plymouth_MBA1A_20190716_20190916,ARMS_Plymouth_MBA1A_20190716_20190916_SF40,ARMS_Plymouth_MBA1_20190716_20190916,Sessile,DMSO,first sequencing run,Not provided,40,not provided,21,COI; ITS; 18S,,
GBR,Plymouth,MBA1B,2019-07-16,2019-09-18,ARMS_Plymouth_MBA1B_20190716_20190918,ARMS_Plymouth_MBA1B_20190716_20190918_MF100,ARMS_Plymouth_MBA1_20190716_20190916,Motile,DMSO,first sequencing run,Not provided,100,not provided,25,COI; ITS; 18S,,
GBR,Plymouth,MBA1B,2019-07-16,2019-09-18,ARMS_Plymouth_MBA1B_20190716_20190918,ARMS_Plymouth_MBA1B_20190716_20190918_MF500,ARMS_Plymouth_MBA1_20190716_20190916,Motile,DMSO,first sequencing run,Not provided,500,not provided,25,COI; ITS; 18S,,
GBR,Plymouth,MBA1B,2019-07-16,2019-09-18,ARMS_Plymouth_MBA1B_20190716_20190918,ARMS_Plymouth_MBA1B_20190716_20190918_SF40,ARMS_Plymouth_MBA1_20190716_20190916,Sessile,DMSO,first sequencing run,Not provided,40,not provided,25,COI; ITS; 18S,,
GBR,Plymouth,MBA1C,2019-07-16,2019-09-20,ARMS_Plymouth_MBA1C_20190716_20190920,ARMS_Plymouth_MBA1C_20190716_20190920_MF100,ARMS_Plymouth_MBA1_20190716_20190916,Motile,DMSO,first sequencing run,Not provided,100,not provided,24,COI; ITS; 18S,,
GBR,Plymouth,MBA1C,2019-07-16,2019-09-20,ARMS_Plymouth_MBA1C_20190716_20190920,ARMS_Plymouth_MBA1C_20190716_20190920_MF500,ARMS_Plymouth_MBA1_20190716_20190916,Motile,DMSO,first sequencing run,Not provided,500,not provided,24,COI; ITS; 18S,,
GBR,Plymouth,MBA1C,2019-07-16,2019-09-20,ARMS_Plymouth_MBA1C_20190716_20190920,ARMS_Plymouth_MBA1C_20190716_20190920_SF40,ARMS_Plymouth_MBA1_20190716_20190916,Sessile,DMSO,first sequencing run,Not provided,40,not provided,24,COI; ITS; 18S,,
GBR,Plymouth,MBA2,2018-07-01,2018-10-01,ARMS_Plymouth_MBA2_20180701_20181001,ARMS_Plymouth_MBA2_20180701_20181001_MF100_DMSO,no replicate,Motile,DMSO,first sequencing run,PCR amplification and sequencing will be repeated due to limited results obtained from these sequences,100,not provided,27,ITS; 18S,,
GBR,Plymouth,MBA2,2018-07-01,2018-10-01,ARMS_Plymouth_MBA2_20180701_20181001,ARMS_Plymouth_MBA2_20180701_20181001_MF100_DMSO,no replicate,Motile,DMSO,second sequencing run (repeat),PCR amplification and sequencing was repeated due to limited results obtained from the previous sequencing,100,not provided,27,,,
GBR,Plymouth,MBA2,2018-07-01,2018-10-01,ARMS_Plymouth_MBA2_20180701_20181001,ARMS_Plymouth_MBA2_20180701_20181001_MF100_ETOH,no replicate,Motile,EtOH,first sequencing run,PCR amplification and sequencing will be repeated due to limited results obtained from these sequences,100,not provided,27,ITS; 18S,,
GBR,Plymouth,MBA2,2018-07-01,2018-10-01,ARMS_Plymouth_MBA2_20180701_20181001,ARMS_Plymouth_MBA2_20180701_20181001_MF100_ETOH,no replicate,Motile,EtOH,second sequencing run (repeat),PCR amplification and sequencing was repeated due to limited results obtained from the previous sequencing,100,not provided,27,,,
GBR,Plymouth,MBA2,2018-07-01,2018-10-01,ARMS_Plymouth_MBA2_20180701_20181001,ARMS_Plymouth_MBA2_20180701_20181001_MF500_ETOH,no replicate,Motile,EtOH,first sequencing run,Not provided,500,not provided,27,COI; ITS; 18S,,
GBR,Plymouth,MBA2,2018-07-01,2018-10-01,ARMS_Plymouth_MBA2_20180701_20181001,ARMS_Plymouth_MBA2_20180701_20181001_SF40_DMSO,no replicate,Sessile,DMSO,first sequencing run,Not provided,40,not provided,27,COI; 18S,,
GBR,Plymouth,MBA2,2018-07-01,2018-10-01,ARMS_Plymouth_MBA2_20180701_20181001,ARMS_Plymouth_MBA2_20180701_20181001_SF40_ETOH,no replicate,Sessile,EtOH,first sequencing run,Not provided,40,not provided,27,COI; 18S,,
GRC,Crete,1HERP,2018-09-28,2019-01-28,ARMS_Crete_1HERP_20180928_20190128,ARMS_Crete_1HERP_20180928_20190128_MF125_DMSO,no replicate,Motile,DMSO,first sequencing run,Not provided,125,yes,140,COI; 18S,,
GRC,Crete,1HERP,2018-09-28,2019-01-28,ARMS_Crete_1HERP_20180928_20190128,ARMS_Crete_1HERP_20180928_20190128_MF125_ETOH,no replicate,Motile,EtOH,first sequencing run,Not provided,125,yes,140,COI; 18S,,
GRC,Crete,1HERP,2018-09-28,2019-01-28,ARMS_Crete_1HERP_20180928_20190128,ARMS_Crete_1HERP_20180928_20190128_MF500_DMSO,no replicate,Motile,DMSO,first sequencing run,Not provided,500,yes,140,COI; ITS; 18S,,
GRC,Crete,1HERP,2018-09-28,2019-01-28,ARMS_Crete_1HERP_20180928_20190128,ARMS_Crete_1HERP_20180928_20190128_MF500_ETOH,no replicate,Motile,EtOH,first sequencing run,Not provided,500,yes,140,COI; ITS; 18S,,
GRC,Crete,1HERP,2018-09-28,2019-01-28,ARMS_Crete_1HERP_20180928_20190128,ARMS_Crete_1HERP_20180928_20190128_PS250_ETOH,no replicate,Plankton,EtOH,first sequencing run,Not provided,250,not provided,140,ITS; 18S,,
GRC,Crete,1HERP,2018-09-28,2019-01-28,ARMS_Crete_1HERP_20180928_20190128,ARMS_Crete_1HERP_20180928_20190128_SED,no replicate,Sediment,Frozen,first sequencing run,Not provided,N/A (No filter was used),not provided,140,COI; ITS; 18S,,
GRC,Crete,1HERP,2018-09-28,2019-01-28,ARMS_Crete_1HERP_20180928_20190128,ARMS_Crete_1HERP_20180928_20190128_SF_DMSO,no replicate,Sessile,DMSO,first sequencing run,Not provided,N/A (No filter was used),yes,140,COI; ITS; 18S,,
GRC,Crete,1HERP,2018-09-28,2019-01-28,ARMS_Crete_1HERP_20180928_20190128,ARMS_Crete_1HERP_20180928_20190128_SF_ETOH,no replicate,Sessile,EtOH,first sequencing run,Not provided,N/A (No filter was used),yes,140,COI; ITS; 18S,,
GRC,Crete,1HERP,2019-06-12,2019-10-11,ARMS_Crete_1HERP_20190612_20191011,ARMS_Crete_1HERP_20190612_20191011_MF500,no replicate,Motile,Frozen,first sequencing run,Not provided,500,yes,156,COI; ITS; 18S,,
GRC,Crete,1HERP,2019-06-12,2019-10-11,ARMS_Crete_1HERP_20190612_20191011,ARMS_Crete_1HERP_20190612_20191011_MF90,no replicate,Motile,Frozen,first sequencing run,Not provided,90,yes,156,COI; ITS; 18S,,
GRC,Crete,1HERP,2019-06-12,2019-10-11,ARMS_Crete_1HERP_20190612_20191011,ARMS_Crete_1HERP_20190612_20191011_SF,no replicate,Sessile,Frozen,first sequencing run,Not provided,N/A (No filter was used),yes,156,COI; ITS; 18S,,
GRC,Crete,1HERP,2019-06-12,2020-02-10,ARMS_Crete_1HERP_20190612_20200210,ARMS_Crete_1HERP_20190612_20200210_MF500,no replicate,Motile,Frozen,first sequencing run,Not provided,500,yes,157,COI; ITS; 18S,,
GRC,Crete,1HERP,2019-06-12,2020-02-10,ARMS_Crete_1HERP_20190612_20200210,ARMS_Crete_1HERP_20190612_20200210_MF90,no replicate,Motile,Frozen,first sequencing run,Not provided,90,yes,157,COI; ITS; 18S,,
GRC,Crete,1HERP,2019-06-12,2020-02-10,ARMS_Crete_1HERP_20190612_20200210,ARMS_Crete_1HERP_20190612_20200210_SF,no replicate,Sessile,Frozen,first sequencing run,Not provided,N/A (No filter was used),yes,157,COI; ITS; 18S,,
GRC,Crete,1HERP,2019-06-12,2020-06-18,ARMS_Crete_1HERP_20190612_20200618,ARMS_Crete_1HERP_20190612_20200618_MF500,no replicate,Motile,Frozen,first sequencing run,Not provided,500,yes,175,COI; ITS; 18S,,
GRC,Crete,1HERP,2019-06-12,2020-06-18,ARMS_Crete_1HERP_20190612_20200618,ARMS_Crete_1HERP_20190612_20200618_MF90,no replicate,Motile,Frozen,first sequencing run,Not provided,90,yes,175,COI; ITS; 18S,,
GRC,Crete,1HERP,2019-06-12,2020-06-18,ARMS_Crete_1HERP_20190612_20200618,ARMS_Crete_1HERP_20190612_20200618_SF,no replicate,Sessile,Frozen,first sequencing run,Not provided,N/A (No filter was used),yes,175,COI; ITS; 18S,,
GRC,Crete,2UBPC,2019-09-24,2020-12-11,ARMS_Crete_2UBPC_20190924_20201211,ARMS_Crete_2UBPC_20190924_20201211_MF500,no replicate,Motile,Frozen,first sequencing run,Not provided,500,Imperfectly,164,COI; ITS; 18S,,
GRC,Crete,2UBPC,2019-09-24,2020-12-11,ARMS_Crete_2UBPC_20190924_20201211,ARMS_Crete_2UBPC_20190924_20201211_MF90,no replicate,Motile,Frozen,first sequencing run,Not provided,90,Imperfectly,164,COI; ITS; 18S,,
GRC,Crete,2UBPC,2019-09-24,2020-12-11,ARMS_Crete_2UBPC_20190924_20201211,ARMS_Crete_2UBPC_20190924_20201211_SF,no replicate,Sessile,Frozen,first sequencing run,Not provided,N/A (No filter was used),Imperfectly,164,COI; ITS; 18S,,
ISR,Eilat,Katza1,2018-10-24,2020-07-06,ARMS_Eilat_Katza1_20181024_20200706,ARMS_Eilat_Katza1_20181024_20200706_MF100,no replicate,Motile,DMSO,first sequencing run,Not provided,100,not provided,213,COI; 18S,,
ISR,Eilat,Katza1,2018-10-24,2020-07-06,ARMS_Eilat_Katza1_20181024_20200706,ARMS_Eilat_Katza1_20181024_20200706_MF500,no replicate,Motile,DMSO,first sequencing run,PCR amplification and sequencing will be repeated due to limited results obtained from these sequences,500,not provided,213,COI; 18S,,
ISR,Eilat,Katza1,2018-10-24,2020-07-06,ARMS_Eilat_Katza1_20181024_20200706,ARMS_Eilat_Katza1_20181024_20200706_MF500,no replicate,Motile,DMSO,second sequencing run (repeat),PCR amplification and sequencing was repeated due to limited results obtained from the previous sequencing,500,not provided,213,COI; 18S,,
ISR,Eilat,Katza1,2018-10-24,2020-07-06,ARMS_Eilat_Katza1_20181024_20200706,ARMS_Eilat_Katza1_20181024_20200706_SF45,no replicate,Sessile,DMSO,first sequencing run,Not provided,45,not provided,213,COI; 18S,,
ISR,Eilat,Katza2,2018-10-24,2020-08-03,ARMS_Eilat_Katza2_20181024_20200803,ARMS_Eilat_Katza2_20181024_20200803_MF100,no replicate,Motile,DMSO,first sequencing run,Not provided,100,not provided,231,COI; 18S,,
ISR,Eilat,Katza2,2018-10-24,2020-08-03,ARMS_Eilat_Katza2_20181024_20200803,ARMS_Eilat_Katza2_20181024_20200803_MF500,no replicate,Motile,DMSO,first sequencing run,Not provided,500,not provided,231,COI; 18S,,
ISR,Eilat,Katza2,2018-10-24,2020-08-03,ARMS_Eilat_Katza2_20181024_20200803,ARMS_Eilat_Katza2_20181024_20200803_SF45,no replicate,Sessile,DMSO,first sequencing run,Not provided,45,not provided,231,COI; 18S,,
ISR,Eilat,NR1,2018-10-17,2020-02-04,ARMS_Eilat_NR1_20181017_20200204,ARMS_Eilat_NR1_20181017_20200204_MF100,ARMS_Eilat_NR_20181017_20200204,Motile,DMSO,first sequencing run,Not provided,100,not provided,151,COI; 18S,,
ISR,Eilat,NR1,2018-10-17,2020-02-04,ARMS_Eilat_NR1_20181017_20200204,ARMS_Eilat_NR1_20181017_20200204_MF500,ARMS_Eilat_NR_20181017_20200204,Motile,DMSO,first sequencing run,Not provided,500,not provided,151,COI; 18S,,
ISR,Eilat,NR1,2018-10-17,2020-02-04,ARMS_Eilat_NR1_20181017_20200204,ARMS_Eilat_NR1_20181017_20200204_SF45,ARMS_Eilat_NR_20181017_20200204,Sessile,DMSO,first sequencing run,Not provided,45,not provided,151,COI; 18S,,
ISR,Eilat,NR2,2018-10-17,2020-05-24,ARMS_Eilat_NR2_20181017_20200524,ARMS_Eilat_NR2_20181017_20200524_MF100,ARMS_Eilat_NR_20181017_20200204,Motile,DMSO,first sequencing run,Not provided,100,not provided,183,COI; 18S,,
ISR,Eilat,NR2,2018-10-17,2020-05-24,ARMS_Eilat_NR2_20181017_20200524,ARMS_Eilat_NR2_20181017_20200524_MF500,ARMS_Eilat_NR_20181017_20200204,Motile,DMSO,first sequencing run,Not provided,500,not provided,183,COI; 18S,,
ISR,Eilat,NR2,2018-10-17,2020-05-24,ARMS_Eilat_NR2_20181017_20200524,ARMS_Eilat_NR2_20181017_20200524_SF45,ARMS_Eilat_NR_20181017_20200204,Sessile,DMSO,first sequencing run,Not provided,45,not provided,183,COI; 18S,,
NOR,Bodo,GStraB,2019-06-21,2020-12-07,ARMS_Bodo_GStraB_20190621_20201207,ARMS_Bodo_GStraB_20190621_20201207_MF100,ARMS_Bodo_GStra_20190621_20201207,Motile,DMSO,first sequencing run,Not provided,100,not provided,21,COI; 18S,,
NOR,Bodo,GStraB,2019-06-21,2020-12-07,ARMS_Bodo_GStraB_20190621_20201207,ARMS_Bodo_GStraB_20190621_20201207_MF500,ARMS_Bodo_GStra_20190621_20201207,Motile,DMSO,first sequencing run,Not provided,500,not provided,21,COI; 18S,,
NOR,Bodo,GStraB,2019-06-21,2020-12-07,ARMS_Bodo_GStraB_20190621_20201207,ARMS_Bodo_GStraB_20190621_20201207_SF50_A,ARMS_Bodo_GStra_20190621_20201207,Sessile,DMSO,first sequencing run,Not provided,50,not provided,21,COI; 18S,,
NOR,Bodo,GStraM,2019-06-21,2020-12-07,ARMS_Bodo_GStraM_20190621_20201207,ARMS_Bodo_GStraM_20190621_20201207_MF100,ARMS_Bodo_GStra_20190621_20201207,Motile,DMSO,first sequencing run,Not provided,100,not provided,21,COI; 18S,,
NOR,Bodo,GStraM,2019-06-21,2020-12-07,ARMS_Bodo_GStraM_20190621_20201207,ARMS_Bodo_GStraM_20190621_20201207_MF500,ARMS_Bodo_GStra_20190621_20201207,Motile,DMSO,first sequencing run,Not provided,500,not provided,21,COI; 18S,,
NOR,Bodo,GStraM,2019-06-21,2020-12-07,ARMS_Bodo_GStraM_20190621_20201207,ARMS_Bodo_GStraM_20190621_20201207_SF50_A,ARMS_Bodo_GStra_20190621_20201207,Sessile,DMSO,first sequencing run,Not provided,50,not provided,21,COI; 18S,,
NOR,Svalbard,S1,2018-07-06,2019-08-06,ARMS_Svalbard_S1_20180706_20190806,ARMS_Svalbard_S1_20180706_20190806_MF100_ETOH,no replicate,Motile,EtOH,first sequencing run,PCR amplification and sequencing will be repeated due to limited results obtained from these sequences,100,not provided,197,COI; 18S,,
NOR,Svalbard,S1,2018-07-06,2019-08-06,ARMS_Svalbard_S1_20180706_20190806,ARMS_Svalbard_S1_20180706_20190806_MF100_ETOH,no replicate,Motile,EtOH,second sequencing run (repeat),PCR amplification and sequencing was repeated due to limited results obtained from the previous sequencing,100,not provided,197,,,
NOR,Svalbard,S1,2018-07-06,2019-08-06,ARMS_Svalbard_S1_20180706_20190806,ARMS_Svalbard_S1_20180706_20190806_MF500_ETOH,no replicate,Motile,EtOH,first sequencing run,Not provided,500,not provided,197,COI; ITS; 18S,,
NOR,Svalbard,S1,2018-07-06,2019-08-06,ARMS_Svalbard_S1_20180706_20190806,ARMS_Svalbard_S1_20180706_20190806_SF40_ETOH,no replicate,Sessile,EtOH,first sequencing run,Not provided,40,not provided,197,COI; ITS; 18S,,
NOR,Svalbard,S1,2019-08-06,2020-08-04,ARMS_Svalbard_S1_20190806_20200804,ARMS_Svalbard_S1_20190806_20200804_MF100,no replicate,Motile,DMSO,first sequencing run,Not provided,100,not provided,321,COI; ITS; 18S,,
NOR,Svalbard,S1,2019-08-06,2020-08-04,ARMS_Svalbard_S1_20190806_20200804,ARMS_Svalbard_S1_20190806_20200804_MF500,no replicate,Motile,DMSO,first sequencing run,Not provided,500,not provided,321,COI; ITS; 18S,,
NOR,Svalbard,S1,2019-08-06,2020-08-04,ARMS_Svalbard_S1_20190806_20200804,ARMS_Svalbard_S1_20190806_20200804_SF40,no replicate,Sessile,DMSO,first sequencing run,Not provided,40,not provided,321,COI; 18S,,
NOR,Svalbard,S2,2018-07-08,2019-08-05,ARMS_Svalbard_S2_20180708_20190805,ARMS_Svalbard_S2_20180708_20190805_MF100_ETOH,no replicate,Motile,EtOH,first sequencing run,Not provided,100,not provided,194,COI; ITS; 18S,,
NOR,Svalbard,S2,2018-07-08,2019-08-05,ARMS_Svalbard_S2_20180708_20190805,ARMS_Svalbard_S2_20180708_20190805_MF500_ETOH,no replicate,Motile,EtOH,first sequencing run,Not provided,500,not provided,194,COI; 18S,,
NOR,Svalbard,S2,2018-07-08,2019-08-05,ARMS_Svalbard_S2_20180708_20190805,ARMS_Svalbard_S2_20180708_20190805_SF40_ETOH,no replicate,Sessile,EtOH,first sequencing run,Not provided,40,not provided,194,COI; 18S,,
NOR,Svalbard,S2,2019-08-05,2020-08-01,ARMS_Svalbard_S2_20190805_20200801,ARMS_Svalbard_S2_20190805_20200801_MF100,no replicate,Motile,DMSO,first sequencing run,Not provided,100,not provided,294,COI; 18S,,
NOR,Svalbard,S2,2019-08-05,2020-08-01,ARMS_Svalbard_S2_20190805_20200801,ARMS_Svalbard_S2_20190805_20200801_MF500,no replicate,Motile,DMSO,first sequencing run,Not provided,500,not provided,294,COI; 18S,,
NOR,Svalbard,S2,2019-08-05,2020-08-01,ARMS_Svalbard_S2_20190805_20200801,ARMS_Svalbard_S2_20190805_20200801_SF40,no replicate,Sessile,DMSO,first sequencing run,Not provided,40,not provided,294,COI; ITS; 18S,,
POL,Gdynia,GDY1,2018-08-13,2019-10-29,ARMS_Gdynia_GDY1_20180813_20191029,ARMS_Gdynia_GDY1_20180813_20191029_MF100_DMSO,no replicate,Motile,DMSO,first sequencing run,Not provided,100,not provided,118,COI; ITS; 18S,,
POL,Gdynia,GDY1,2018-08-13,2019-10-29,ARMS_Gdynia_GDY1_20180813_20191029,ARMS_Gdynia_GDY1_20180813_20191029_MF500_DMSO,no replicate,Motile,DMSO,first sequencing run,Not provided,500,not provided,118,COI; ITS; 18S,,
POL,Gdynia,GDY1,2018-08-13,2019-10-29,ARMS_Gdynia_GDY1_20180813_20191029,ARMS_Gdynia_GDY1_20180813_20191029_SF38_DMSO,no replicate,Sessile,DMSO,first sequencing run,PCR amplification and sequencing will be repeated due to limited results obtained from these sequences,38,not provided,118,COI; ITS; 18S,,
POL,Gdynia,GDY1,2018-08-13,2019-10-29,ARMS_Gdynia_GDY1_20180813_20191029,ARMS_Gdynia_GDY1_20180813_20191029_SF38_DMSO,no replicate,Sessile,DMSO,second sequencing run (repeat),PCR amplification and sequencing was repeated due to limited results obtained from the previous sequencing,38,not provided,118,COI; 18S,,
POL,Gdynia,GDY1,2019-06-19,2019-10-29,ARMS_Gdynia_GDY1_20190619_20191029,ARMS_Gdynia_GDY1_20190619_20191029_MF100,no replicate,Motile,DMSO,first sequencing run,Not provided,100,not provided,154,COI; 18S,,
POL,Gdynia,GDY1,2019-06-19,2019-10-29,ARMS_Gdynia_GDY1_20190619_20191029,ARMS_Gdynia_GDY1_20190619_20191029_MF500,no replicate,Motile,DMSO,first sequencing run,Not provided,500,not provided,154,COI; ITS; 18S,,
POL,Gdynia,GDY1,2019-06-19,2019-10-29,ARMS_Gdynia_GDY1_20190619_20191029,ARMS_Gdynia_GDY1_20190619_20191029_SF38,no replicate,Sessile,DMSO,first sequencing run,Not provided,38,not provided,154,COI; 18S,,
SVN,GulfOfPiran,Fornace,2018-08-15,2018-11-18,ARMS_GulfOfPiran_Fornace_20180815_20181118,ARMS_GulfOfPiran_Fornace_20180815_20181118_MF100_DMSO,no replicate,Motile,DMSO,first sequencing run,Not provided,100,not provided,154,COI; 18S,,
SVN,GulfOfPiran,Fornace,2018-08-15,2018-11-18,ARMS_GulfOfPiran_Fornace_20180815_20181118,ARMS_GulfOfPiran_Fornace_20180815_20181118_MF100_ETOH,no replicate,Motile,EtOH,first sequencing run,Not provided,100,not provided,154,COI; 18S,,
SVN,GulfOfPiran,Fornace,2018-08-15,2018-11-18,ARMS_GulfOfPiran_Fornace_20180815_20181118,ARMS_GulfOfPiran_Fornace_20180815_20181118_MF500_DMSO,no replicate,Motile,DMSO,first sequencing run,Not provided,500,not provided,154,COI; ITS; 18S,,
SVN,GulfOfPiran,Fornace,2018-08-15,2018-11-18,ARMS_GulfOfPiran_Fornace_20180815_20181118,ARMS_GulfOfPiran_Fornace_20180815_20181118_MF500_ETOH,no replicate,Motile,EtOH,first sequencing run,PCR amplification and sequencing will be repeated due to limited results obtained from these sequences,200,not provided,154,ITS; 18S,,
SVN,GulfOfPiran,Fornace,2018-08-15,2018-11-18,ARMS_GulfOfPiran_Fornace_20180815_20181118,ARMS_GulfOfPiran_Fornace_20180815_20181118_MF500_ETOH,no replicate,Motile,EtOH,second sequencing run (repeat),PCR amplification and sequencing was repeated due to limited results obtained from the previous sequencing,200,not provided,154,COI; 18S,,
SVN,GulfOfPiran,Fornace,2018-08-15,2018-11-18,ARMS_GulfOfPiran_Fornace_20180815_20181118,ARMS_GulfOfPiran_Fornace_20180815_20181118_SF_DMSO,no replicate,Sessile,DMSO,first sequencing run,Not provided,not provided,not provided,154,COI; 18S,,
SVN,GulfOfPiran,Fornace,2018-08-15,2018-11-18,ARMS_GulfOfPiran_Fornace_20180815_20181118,ARMS_GulfOfPiran_Fornace_20180815_20181118_SF_ETOH,no replicate,Sessile,EtOH,first sequencing run,PCR amplification and sequencing will be repeated due to limited results obtained from these sequences,not provided,not provided,154,COI; 18S,,
SVN,GulfOfPiran,Fornace,2018-08-15,2018-11-18,ARMS_GulfOfPiran_Fornace_20180815_20181118,ARMS_GulfOfPiran_Fornace_20180815_20181118_SF_ETOH,no replicate,Sessile,EtOH,second sequencing run (repeat),PCR amplification and sequencing was repeated due to limited results obtained from the previous sequencing,not provided,not provided,154,COI; 18S,,
SWE,Koster,VH1,2018-04-18,2019-05-27,ARMS_Koster_VH1_20180418_20190527,ARMS_Koster_VH1_20180418_20190527_MF100_DMSO,no replicate,Motile,DMSO,first sequencing run,Not provided,100,yes,117,COI; ITS; 18S,,
SWE,Koster,VH1,2018-04-18,2019-05-27,ARMS_Koster_VH1_20180418_20190527,ARMS_Koster_VH1_20180418_20190527_MF500_DMSO,no replicate,Motile,DMSO,first sequencing run,Not provided,500,yes,117,COI; ITS; 18S,,
SWE,Koster,VH1,2018-04-18,2019-05-27,ARMS_Koster_VH1_20180418_20190527,ARMS_Koster_VH1_20180418_20190527_SF40_DMSO,no replicate,Sessile,DMSO,first sequencing run,Not provided,40,yes,117,COI; ITS; 18S,,
SWE,Koster,VH1,2019-05-27,2020-07-16,ARMS_Koster_VH1_20190527_20200716,ARMS_Koster_VH1_20190527_20200716_MF100,no replicate,Motile,DMSO,first sequencing run,PCR amplification and sequencing will be repeated due to limited results obtained from these sequences,100,not provided,36,COI; ITS; 18S,,
SWE,Koster,VH1,2019-05-27,2020-07-16,ARMS_Koster_VH1_20190527_20200716,ARMS_Koster_VH1_20190527_20200716_MF100,no replicate,Motile,DMSO,second sequencing run (repeat),PCR amplification and sequencing was repeated due to limited results obtained from the previous sequencing,100,not provided,36,COI; 18S,,
SWE,Koster,VH1,2019-05-27,2020-07-16,ARMS_Koster_VH1_20190527_20200716,ARMS_Koster_VH1_20190527_20200716_MF500,no replicate,Motile,DMSO,first sequencing run,PCR amplification and sequencing will be repeated due to limited results obtained from these sequences,500,not provided,36,COI; ITS; 18S,,
SWE,Koster,VH1,2019-05-27,2020-07-16,ARMS_Koster_VH1_20190527_20200716,ARMS_Koster_VH1_20190527_20200716_MF500,no replicate,Motile,DMSO,second sequencing run (repeat),PCR amplification and sequencing was repeated due to limited results obtained from the previous sequencing,500,not provided,36,COI; 18S,,
SWE,Koster,VH1,2019-05-27,2020-07-16,ARMS_Koster_VH1_20190527_20200716,ARMS_Koster_VH1_20190527_20200716_SF40,no replicate,Sessile,DMSO,first sequencing run,Not provided,40,not provided,36,COI; ITS; 18S,,
SWE,Koster,VH2,2018-04-18,2018-09-06,ARMS_Koster_VH2_20180418_20180906,ARMS_Koster_VH2_20180418_20180906_MF100_ETOH,no replicate,Motile,EtOH,first sequencing run,Not provided,100,yes,76,COI; ITS; 18S,,
SWE,Koster,VH2,2018-04-18,2018-09-06,ARMS_Koster_VH2_20180418_20180906,ARMS_Koster_VH2_20180418_20180906_MF500_ETOH,no replicate,Motile,EtOH,first sequencing run,Not provided,500,yes,76,COI; ITS; 18S,,
SWE,Koster,VH2,2018-04-18,2018-09-06,ARMS_Koster_VH2_20180418_20180906,ARMS_Koster_VH2_20180418_20180906_PS90_ETOH,no replicate,Plankton,EtOH,first sequencing run,PCR amplification and sequencing will be repeated due to limited results obtained from these sequences,90,not provided,76,ITS; 18S,,
SWE,Koster,VH2,2018-04-18,2018-09-06,ARMS_Koster_VH2_20180418_20180906,ARMS_Koster_VH2_20180418_20180906_PS90_ETOH,no replicate,Plankton,EtOH,second sequencing run (repeat),PCR amplification and sequencing was repeated due to limited results obtained from the previous sequencing,90,not provided,76,COI; 18S,,
SWE,Koster,VH2,2018-04-18,2018-09-06,ARMS_Koster_VH2_20180418_20180906,ARMS_Koster_VH2_20180418_20180906_SED100_DMSO,no replicate,Sediment,DMSO,first sequencing run,Not provided,100,not provided,76,COI; ITS; 18S,,
SWE,Koster,VH2,2018-04-18,2018-09-06,ARMS_Koster_VH2_20180418_20180906,ARMS_Koster_VH2_20180418_20180906_SED500_DMSO,no replicate,Sediment,DMSO,first sequencing run,Not provided,500,not provided,76,COI; ITS; 18S,,
SWE,Koster,VH2,2018-04-18,2018-09-06,ARMS_Koster_VH2_20180418_20180906,ARMS_Koster_VH2_20180418_20180906_SF40_DMSO,no replicate,Sessile,DMSO,first sequencing run,Not provided,40,yes,76,COI; ITS; 18S,,
SWE,Koster,VH2,2018-04-18,2018-09-06,ARMS_Koster_VH2_20180418_20180906,ARMS_Koster_VH2_20180418_20180906_SF40_ETOH,no replicate,Sessile,EtOH,first sequencing run,Not provided,40,yes,76,COI; ITS; 18S,,
SWE,Koster,VH2,2019-05-27,2020-07-16,ARMS_Koster_VH2_20190527_20200716,ARMS_Koster_VH2_20190527_20200716_MF100,no replicate,Motile,DMSO,first sequencing run,Not provided,100,not provided,27,COI; ITS; 18S,,
SWE,Koster,VH2,2019-05-27,2020-07-16,ARMS_Koster_VH2_20190527_20200716,ARMS_Koster_VH2_20190527_20200716_MF500,no replicate,Motile,DMSO,first sequencing run,Not provided,500,not provided,27,COI; ITS; 18S,,
SWE,Koster,VH2,2019-05-27,2020-07-16,ARMS_Koster_VH2_20190527_20200716,ARMS_Koster_VH2_20190527_20200716_SF40,no replicate,Sessile,DMSO,first sequencing run,Not provided,40,not provided,27,COI; ITS; 18S,,
SWE,Koster,VH3,2018-04-18,2019-05-27,ARMS_Koster_VH3_20180418_20190527,ARMS_Koster_VH3_20180418_20190527_MF100_DMSO,no replicate,Motile,DMSO,first sequencing run,Not provided,100,yes,109,COI; ITS; 18S,,
SWE,Koster,VH3,2018-04-18,2019-05-27,ARMS_Koster_VH3_20180418_20190527,ARMS_Koster_VH3_20180418_20190527_MF500_DMSO,no replicate,Motile,DMSO,first sequencing run,Not provided,500,yes,109,COI; ITS; 18S,,
SWE,Koster,VH3,2018-04-18,2019-05-27,ARMS_Koster_VH3_20180418_20190527,ARMS_Koster_VH3_20180418_20190527_SF40_DMSO,no replicate,Sessile,DMSO,first sequencing run,Not provided,40,yes,109,COI; 18S,,
SWE,Koster,VH3,2019-05-27,2020-07-16,ARMS_Koster_VH3_20190527_20200716,ARMS_Koster_VH3_20190527_20200716_MF100,no replicate,Motile,DMSO,first sequencing run,Not provided,100,not provided,31,COI; ITS; 18S,,
SWE,Koster,VH3,2019-05-27,2020-07-16,ARMS_Koster_VH3_20190527_20200716,ARMS_Koster_VH3_20190527_20200716_MF500,no replicate,Motile,DMSO,first sequencing run,Not provided,500,not provided,31,COI; ITS; 18S,,
SWE,Koster,VH3,2019-05-27,2020-07-16,ARMS_Koster_VH3_20190527_20200716,ARMS_Koster_VH3_20190527_20200716_SF40,no replicate,Sessile,DMSO,first sequencing run,Not provided,40,not provided,31,COI; ITS; 18S,,
