Sequencing_batch,Sequencing_batch_date,MaterialSampleID,Deployment_Year,OriginalSampleID,SequencingRunRepeat,ReplicateMaterialSampleID,Gene_COI,Gene_ITS,Gene_18S,Forward_Index_Name,Reverse_Index_Name,Forward_Tag,Reverse_Tag,Sample_type,Forward_Index_Type,Reverse_Index_Type,Raw_file_accession_number
1,July_2019,ARMS_BelgiumCoast_AZFPin_20180712_20180818_MF500_ETOH,2018,AZFP2(inside)_1,first sequencing run,ARMS_BelgiumCoast_AZFPin_20180712_20180818_MF500_ETOH_r1,ERR4018736,NA,NA,S508,N720,NA,NA,Sample,Nextera,Nextera,NA
1,July_2019,ARMS_BelgiumCoast_AZFPin_20180712_20180818_MF500_ETOH,2018,AZFP2(inside)_1,first sequencing run,ARMS_BelgiumCoast_AZFPin_20180712_20180818_MF500_ETOH_r1,NA,ERR4018735,NA,S522,N721,NA,NA,Sample,Nextera,Nextera,NA
1,July_2019,ARMS_BelgiumCoast_AZFPin_20180712_20180818_MF500_ETOH,2018,AZFP2(inside)_1,first sequencing run,ARMS_BelgiumCoast_AZFPin_20180712_20180818_MF500_ETOH_r1,NA,NA,ERR4605228,Dummy,A004,nnnagacgctt,nnnnatacagcg,Sample,TruSeq,TruSeq,ERR12645754
1,July_2019,ARMS_Crete_1HERP_20180928_20190128_MF500_DMSO,2018,Motile 500 ìm DMSO,first sequencing run,ARMS_Crete_1HERP_20180928_20190128_MF500_DMSO_r1,ERR3460468,NA,NA,S510,N714,NA,NA,Sample,Nextera,Nextera,NA
1,July_2019,ARMS_Crete_1HERP_20180928_20190128_MF500_DMSO,2018,Motile 500 ìm DMSO,first sequencing run,ARMS_Crete_1HERP_20180928_20190128_MF500_DMSO_r1,NA,ERR4018431,NA,S520,N714,NA,NA,Sample,Nextera,Nextera,NA
1,July_2019,ARMS_Crete_1HERP_20180928_20190128_MF500_DMSO,2018,Motile 500 ìm DMSO,first sequencing run,ARMS_Crete_1HERP_20180928_20190128_MF500_DMSO_r1,NA,NA,ERR4605086,Dummy,A004,nnnncatacctc,nnncatagtcg,Sample,TruSeq,TruSeq,ERR12645754
1,July_2019,ARMS_Crete_1HERP_20180928_20190128_MF500_ETOH,2018,Motile 500 ìm ETOH,first sequencing run,ARMS_Crete_1HERP_20180928_20190128_MF500_ETOH_r1,ERR3460469,NA,NA,S511,N715,NA,NA,Sample,Nextera,Nextera,NA
1,July_2019,ARMS_Crete_1HERP_20180928_20190128_MF500_ETOH,2018,Motile 500 ìm ETOH,first sequencing run,ARMS_Crete_1HERP_20180928_20190128_MF500_ETOH_r1,NA,ERR4018432,NA,S520,N711,NA,NA,Sample,Nextera,Nextera,NA
1,July_2019,ARMS_Crete_1HERP_20180928_20190128_MF500_ETOH,2018,Motile 500 ìm ETOH,first sequencing run,ARMS_Crete_1HERP_20180928_20190128_MF500_ETOH_r1,NA,NA,ERR4605087,Dummy,A004,nnnnnctgttcgt,nnacaacgct,Sample,TruSeq,TruSeq,ERR12645754
1,July_2019,ARMS_Crete_1HERP_20180928_20190128_PS250_ETOH,2018,Plankton Her Port ETOH,first sequencing run,ARMS_Crete_1HERP_20180928_20190128_PS250_ETOH_r1,NA,ERR4018434,NA,S522,N707,NA,NA,Sample,Nextera,Nextera,NA
1,July_2019,ARMS_Crete_1HERP_20180928_20190128_PS250_ETOH,2018,Plankton Her Port ETOH,first sequencing run,ARMS_Crete_1HERP_20180928_20190128_PS250_ETOH_r1,NA,NA,ERR4605089,Dummy,A004,nnnncgctctta,nnnnnaactacgc,Sample,TruSeq,TruSeq,ERR12645754
1,July_2019,ARMS_Crete_1HERP_20180928_20190128_SED,2018,Sediment Her Port,first sequencing run,ARMS_Crete_1HERP_20180928_20190128_SED_r1,ERR3460470,NA,NA,S513,N716,NA,NA,Sample,Nextera,Nextera,NA
1,July_2019,ARMS_Crete_1HERP_20180928_20190128_SED,2018,Sediment Her Port,first sequencing run,ARMS_Crete_1HERP_20180928_20190128_SED_r1,NA,ERR4018433,NA,S521,N710,NA,NA,Sample,Nextera,Nextera,NA
1,July_2019,ARMS_Crete_1HERP_20180928_20190128_SED,2018,Sediment Her Port,first sequencing run,ARMS_Crete_1HERP_20180928_20190128_SED_r1,NA,NA,ERR4605088,Dummy,A004,nnnagacgctt,nnntccgctaa,Sample,TruSeq,TruSeq,ERR12645754
1,July_2019,ARMS_Crete_1HERP_20180928_20190128_SF_DMSO,2018,Sessile DMSO,first sequencing run,ARMS_Crete_1HERP_20180928_20190128_SF_DMSO_r1,ERR3460466,NA,NA,S507,N711,NA,NA,Sample,Nextera,Nextera,NA
1,July_2019,ARMS_Crete_1HERP_20180928_20190128_SF_DMSO,2018,Sessile DMSO,first sequencing run,ARMS_Crete_1HERP_20180928_20190128_SF_DMSO_r1,NA,ERR4018429,NA,S520,N721,NA,NA,Sample,Nextera,Nextera,NA
1,July_2019,ARMS_Crete_1HERP_20180928_20190128_SF_DMSO,2018,Sessile DMSO,first sequencing run,ARMS_Crete_1HERP_20180928_20190128_SF_DMSO_r1,NA,NA,ERR4605084,Dummy,A004,nntgcaagag,nnnnnaactacgc,Sample,TruSeq,TruSeq,ERR12645754
1,July_2019,ARMS_Crete_1HERP_20180928_20190128_SF_ETOH,2018,Sessile ETOH,first sequencing run,ARMS_Crete_1HERP_20180928_20190128_SF_ETOH_r1,ERR3460467,NA,NA,S508,N712,NA,NA,Sample,Nextera,Nextera,NA
1,July_2019,ARMS_Crete_1HERP_20180928_20190128_SF_ETOH,2018,Sessile ETOH,first sequencing run,ARMS_Crete_1HERP_20180928_20190128_SF_ETOH_r1,NA,ERR4018430,NA,S520,N719,NA,NA,Sample,Nextera,Nextera,NA
1,July_2019,ARMS_Crete_1HERP_20180928_20190128_SF_ETOH,2018,Sessile ETOH,first sequencing run,ARMS_Crete_1HERP_20180928_20190128_SF_ETOH_r1,NA,NA,ERR4605085,Dummy,A004,nnnaagagtgc,nngttaggca,Sample,TruSeq,TruSeq,ERR12645754
1,July_2019,ARMS_GulfOfPiran_Fornace_20180815_20181118_MF500_DMSO,2018,DESS MOB4,first sequencing run,ARMS_GulfOfPiran_Fornace_20180815_20181118_MF500_DMSO_r1,ERR4018549,NA,NA,S506,N710,NA,NA,Sample,Nextera,Nextera,NA
1,July_2019,ARMS_GulfOfPiran_Fornace_20180815_20181118_MF500_DMSO,2018,DESS MOB4,first sequencing run,ARMS_GulfOfPiran_Fornace_20180815_20181118_MF500_DMSO_r1,NA,ERR4018547,NA,S518,N724,NA,NA,Sample,Nextera,Nextera,NA
1,July_2019,ARMS_GulfOfPiran_Fornace_20180815_20181118_MF500_DMSO,2018,DESS MOB4,first sequencing run,ARMS_GulfOfPiran_Fornace_20180815_20181118_MF500_DMSO_r1,NA,NA,ERR4605229,Dummy,A004,nnnagacgctt,nnacaacgct,Sample,TruSeq,TruSeq,ERR12645754
1,July_2019,ARMS_GulfOfPiran_Fornace_20180815_20181118_MF500_ETOH,2018,etOH MOB4,first sequencing run,ARMS_GulfOfPiran_Fornace_20180815_20181118_MF500_ETOH_r1,NA,ERR4018548,NA,S518,N723,NA,NA,Sample,Nextera,Nextera,NA
1,July_2019,ARMS_GulfOfPiran_Fornace_20180815_20181118_MF500_ETOH,2018,etOH MOB4,first sequencing run,ARMS_GulfOfPiran_Fornace_20180815_20181118_MF500_ETOH_r1,NA,NA,ERR4605230,Dummy,A004,nnnncgctctta,nnnnatacagcg,Sample,TruSeq,TruSeq,ERR12645754
1,July_2019,ARMS_Koster_VH2_20180418_20180906_MF100_ETOH,2018,VH2-MF100-EtOH,first sequencing run,ARMS_Koster_VH2_20180418_20180906_MF100_ETOH_r1,ERR4018452,NA,NA,S511,N729,NA,NA,Sample,Nextera,Nextera,NA
1,July_2019,ARMS_Koster_VH2_20180418_20180906_MF100_ETOH,2018,VH2-MF100-EtOH,first sequencing run,ARMS_Koster_VH2_20180418_20180906_MF100_ETOH_r1,NA,ERR4018445,NA,S518,N721,NA,NA,Sample,Nextera,Nextera,NA
1,July_2019,ARMS_Koster_VH2_20180418_20180906_MF100_ETOH,2018,VH2-MF100-EtOH,first sequencing run,ARMS_Koster_VH2_20180418_20180906_MF100_ETOH_r1,NA,NA,ERR4605233,Dummy,A004,nnnncgctctta,nnnnatacagcg,Sample,TruSeq,TruSeq,ERR12645754
1,July_2019,ARMS_Koster_VH2_20180418_20180906_MF500_ETOH,2018,VH2-MF500-EtOH,first sequencing run,ARMS_Koster_VH2_20180418_20180906_MF500_ETOH_r1,ERR4018453,NA,NA,S506,N722,NA,NA,Sample,Nextera,Nextera,NA
1,July_2019,ARMS_Koster_VH2_20180418_20180906_MF500_ETOH,2018,VH2-MF500-EtOH,first sequencing run,ARMS_Koster_VH2_20180418_20180906_MF500_ETOH_r1,NA,ERR4018446,NA,S518,N714,NA,NA,Sample,Nextera,Nextera,NA
1,July_2019,ARMS_Koster_VH2_20180418_20180906_MF500_ETOH,2018,VH2-MF500-EtOH,first sequencing run,ARMS_Koster_VH2_20180418_20180906_MF500_ETOH_r1,NA,NA,ERR4605234,Dummy,A004,nntgcaagag,nnnnatacagcg,Sample,TruSeq,TruSeq,ERR12645754
1,July_2019,ARMS_Koster_VH2_20180418_20180906_PS90_ETOH,2018,VH2-PS90-EtOH,first sequencing run,ARMS_Koster_VH2_20180418_20180906_PS90_ETOH_r1,NA,ERR4018449,NA,S518,N720,NA,NA,Sample,Nextera,Nextera,NA
1,July_2019,ARMS_Koster_VH2_20180418_20180906_PS90_ETOH,2018,VH2-PS90-EtOH,first sequencing run,ARMS_Koster_VH2_20180418_20180906_PS90_ETOH_r1,NA,NA,ERR4605237,Dummy,A004,nnnnnctgttcgt,nnncatagtcg,Sample,TruSeq,TruSeq,ERR12645754
1,July_2019,ARMS_Koster_VH2_20180418_20180906_SED100_DMSO,2018,VH2-SS100-DMSO,first sequencing run,ARMS_Koster_VH2_20180418_20180906_SED100_DMSO_r1,ERR4018454,NA,NA,S505,N719,NA,NA,Sample,Nextera,Nextera,NA
1,July_2019,ARMS_Koster_VH2_20180418_20180906_SED100_DMSO,2018,VH2-SS100-DMSO,first sequencing run,ARMS_Koster_VH2_20180418_20180906_SED100_DMSO_r1,NA,ERR4018447,NA,S518,N711,NA,NA,Sample,Nextera,Nextera,NA
1,July_2019,ARMS_Koster_VH2_20180418_20180906_SED100_DMSO,2018,VH2-SS100-DMSO,first sequencing run,ARMS_Koster_VH2_20180418_20180906_SED100_DMSO_r1,NA,NA,ERR4605235,Dummy,A004,nnnaagagtgc,nnnnnaactacgc,Sample,TruSeq,TruSeq,ERR12645754
1,July_2019,ARMS_Koster_VH2_20180418_20180906_SED500_DMSO,2018,VH2-SS500-DMSO,first sequencing run,ARMS_Koster_VH2_20180418_20180906_SED500_DMSO_r1,ERR4018455,NA,NA,S505,N707,NA,NA,Sample,Nextera,Nextera,NA
1,July_2019,ARMS_Koster_VH2_20180418_20180906_SED500_DMSO,2018,VH2-SS500-DMSO,first sequencing run,ARMS_Koster_VH2_20180418_20180906_SED500_DMSO_r1,NA,ERR4018448,NA,S518,N712,NA,NA,Sample,Nextera,Nextera,NA
1,July_2019,ARMS_Koster_VH2_20180418_20180906_SED500_DMSO,2018,VH2-SS500-DMSO,first sequencing run,ARMS_Koster_VH2_20180418_20180906_SED500_DMSO_r1,NA,NA,ERR4605236,Dummy,A004,nnnncatacctc,nngttaggca,Sample,TruSeq,TruSeq,ERR12645754
1,July_2019,ARMS_Koster_VH2_20180418_20180906_SF40_DMSO,2018,VH2-SF-DMSO Sessile,first sequencing run,ARMS_Koster_VH2_20180418_20180906_SF40_DMSO_r1,ERR4018451,NA,NA,S510,N728,NA,NA,Sample,Nextera,Nextera,NA
1,July_2019,ARMS_Koster_VH2_20180418_20180906_SF40_DMSO,2018,VH2-SF-DMSO Sessile,first sequencing run,ARMS_Koster_VH2_20180418_20180906_SF40_DMSO_r1,NA,ERR4018444,NA,S518,N726,NA,NA,Sample,Nextera,Nextera,NA
1,July_2019,ARMS_Koster_VH2_20180418_20180906_SF40_DMSO,2018,VH2-SF-DMSO Sessile,first sequencing run,ARMS_Koster_VH2_20180418_20180906_SF40_DMSO_r1,NA,NA,ERR4605232,Dummy,A004,nnnagacgctt,nnncatagtcg,Sample,TruSeq,TruSeq,ERR12645754
1,July_2019,ARMS_Koster_VH2_20180418_20180906_SF40_ETOH,2018,VH2-SF-EtOH Sessile,first sequencing run,ARMS_Koster_VH2_20180418_20180906_SF40_ETOH_r1,ERR4018450,NA,NA,S508,N727,NA,NA,Sample,Nextera,Nextera,NA
1,July_2019,ARMS_Koster_VH2_20180418_20180906_SF40_ETOH,2018,VH2-SF-EtOH Sessile,first sequencing run,ARMS_Koster_VH2_20180418_20180906_SF40_ETOH_r1,NA,ERR4018443,NA,S515,N727,NA,NA,Sample,Nextera,Nextera,NA
1,July_2019,ARMS_Koster_VH2_20180418_20180906_SF40_ETOH,2018,VH2-SF-EtOH Sessile,first sequencing run,ARMS_Koster_VH2_20180418_20180906_SF40_ETOH_r1,NA,NA,ERR4605231,Dummy,A004,nnnnnctgttcgt,nngttaggca,Sample,TruSeq,TruSeq,ERR12645754
1,July_2019,ARMS_Plymouth_MBA2_20180701_20181001_MF100_DMSO,2018,MBA_ARMS2-MF100-DMSO,first sequencing run,ARMS_Plymouth_MBA2_20180701_20181001_MF100_DMSO_r1,NA,ERR4018647,NA,S515,N710,NA,NA,Sample,Nextera,Nextera,NA
1,July_2019,ARMS_Plymouth_MBA2_20180701_20181001_MF100_DMSO,2018,MBA_ARMS2-MF100-DMSO,first sequencing run,ARMS_Plymouth_MBA2_20180701_20181001_MF100_DMSO_r1,NA,NA,ERR4605220,Dummy,A004,nnnncgctctta,nnacaacgct,Sample,TruSeq,TruSeq,ERR12645754
1,July_2019,ARMS_Plymouth_MBA2_20180701_20181001_MF100_ETOH,2018,MBA_ARMS2-MF100-ETOH,first sequencing run,ARMS_Plymouth_MBA2_20180701_20181001_MF100_ETOH_r1,NA,ERR4018648,NA,S515,N715,NA,NA,Sample,Nextera,Nextera,NA
1,July_2019,ARMS_Plymouth_MBA2_20180701_20181001_MF100_ETOH,2018,MBA_ARMS2-MF100-ETOH,first sequencing run,ARMS_Plymouth_MBA2_20180701_20181001_MF100_ETOH_r1,NA,NA,ERR4605221,Dummy,A004,nntgcaagag,nnntccgctaa,Sample,TruSeq,TruSeq,ERR12645754
1,July_2019,ARMS_Plymouth_MBA2_20180701_20181001_MF500_ETOH,2018,MBA_ARMS2-MF500-ETOH,first sequencing run,ARMS_Plymouth_MBA2_20180701_20181001_MF500_ETOH_r1,ERR4018650,NA,NA,S511,N718,NA,NA,Sample,Nextera,Nextera,NA
1,July_2019,ARMS_Plymouth_MBA2_20180701_20181001_MF500_ETOH,2018,MBA_ARMS2-MF500-ETOH,first sequencing run,ARMS_Plymouth_MBA2_20180701_20181001_MF500_ETOH_r1,NA,ERR4018649,NA,S521,N715,NA,NA,Sample,Nextera,Nextera,NA
1,July_2019,ARMS_Plymouth_MBA2_20180701_20181001_MF500_ETOH,2018,MBA_ARMS2-MF500-ETOH,first sequencing run,ARMS_Plymouth_MBA2_20180701_20181001_MF500_ETOH_r1,NA,NA,ERR4605222,Dummy,A004,nntgcaagag,nngttaggca,Sample,TruSeq,TruSeq,ERR12645754
1,July_2019,ARMS_Roscoff_BasBloS1_20180711_20181025_SF40_DMSO_A,2018,BasBlo_2018-SF-DMSO_1,first sequencing run,ARMS_Roscoff_BasBloS1_20180711_20181025_SF40_DMSO_A_r1,ERR4018616,NA,NA,S507,N726,NA,NA,Sample,Nextera,Nextera,NA
1,July_2019,ARMS_Roscoff_BasBloS1_20180711_20181025_SF40_DMSO_A,2018,BasBlo_2018-SF-DMSO_1,first sequencing run,ARMS_Roscoff_BasBloS1_20180711_20181025_SF40_DMSO_A_r1,NA,ERR4018614,NA,S515,N722,NA,NA,Sample,Nextera,Nextera,NA
1,July_2019,ARMS_Roscoff_BasBloS1_20180711_20181025_SF40_DMSO_A,2018,BasBlo_2018-SF-DMSO_1,first sequencing run,ARMS_Roscoff_BasBloS1_20180711_20181025_SF40_DMSO_A_r1,NA,NA,ERR4605227,Dummy,A004,nnnncatacctc,nnnnnaactacgc,Sample,TruSeq,TruSeq,ERR12645754
1,July_2019,ARMS_Roscoff_BasBloS1_20180711_20181025_SF40_ETOH_A,2018,BasBlo_2018-SF-ETOH_1,first sequencing run,ARMS_Roscoff_BasBloS1_20180711_20181025_SF40_ETOH_A_r1,ERR4018615,NA,NA,S506,N724,NA,NA,Sample,Nextera,Nextera,NA
1,July_2019,ARMS_Roscoff_BasBloS1_20180711_20181025_SF40_ETOH_A,2018,BasBlo_2018-SF-ETOH_1,first sequencing run,ARMS_Roscoff_BasBloS1_20180711_20181025_SF40_ETOH_A_r1,NA,ERR4018613,NA,S515,N718,NA,NA,Sample,Nextera,Nextera,NA
1,July_2019,ARMS_Roscoff_BasBloS1_20180711_20181025_SF40_ETOH_A,2018,BasBlo_2018-SF-ETOH_1,first sequencing run,ARMS_Roscoff_BasBloS1_20180711_20181025_SF40_ETOH_A_r1,NA,NA,ERR4605226,Dummy,A004,nnnaagagtgc,nnnnatacagcg,Sample,TruSeq,TruSeq,ERR12645754
1,July_2019,ARMS_TZS_Angbat_20180711_20181106_MF500_ETOH,2018,ANG-MF500-ETOH (1),first sequencing run,ARMS_TZS_Angbat_20180711_20181106_MF500_ETOH_r1,ERR4018733,NA,NA,S508,N722,NA,NA,Sample,Nextera,Nextera,NA
1,July_2019,ARMS_TZS_Angbat_20180711_20181106_MF500_ETOH,2018,ANG-MF500-ETOH (1),first sequencing run,ARMS_TZS_Angbat_20180711_20181106_MF500_ETOH_r1,NA,ERR4018731,NA,S522,N723,NA,NA,Sample,Nextera,Nextera,NA
1,July_2019,ARMS_TZS_Angbat_20180711_20181106_MF500_ETOH,2018,ANG-MF500-ETOH (1),first sequencing run,ARMS_TZS_Angbat_20180711_20181106_MF500_ETOH_r1,NA,NA,ERR4605225,Dummy,A004,nnnnnctgttcgt,nnntccgctaa,Sample,TruSeq,TruSeq,ERR12645754
1,July_2019,ARMS_TZS_Spikarna_20180711_20181107_MF500_ETOH,2018,SPI-MF500-ETOH (36),first sequencing run,ARMS_TZS_Spikarna_20180711_20181107_MF500_ETOH_r1,ERR4018732,NA,NA,S507,N721,NA,NA,Sample,Nextera,Nextera,NA
1,July_2019,ARMS_TZS_Spikarna_20180711_20181107_MF500_ETOH,2018,SPI-MF500-ETOH (36),first sequencing run,ARMS_TZS_Spikarna_20180711_20181107_MF500_ETOH_r1,NA,ERR4018730,NA,S521,N722,NA,NA,Sample,Nextera,Nextera,NA
1,July_2019,ARMS_TZS_Spikarna_20180711_20181107_MF500_ETOH,2018,SPI-MF500-ETOH (36),first sequencing run,ARMS_TZS_Spikarna_20180711_20181107_MF500_ETOH_r1,NA,NA,ERR4605224,Dummy,A004,nnnncatacctc,nnacaacgct,Sample,TruSeq,TruSeq,ERR12645754
1,July_2019,ARMS_Vigo_TorallaA_20180607_20180924_SF40_ETOH,2018,JT1-SF40-ETOH,first sequencing run,ARMS_Vigo_TorallaA_20180607_20180924_SF40_ETOH_r1,ERR4018703,NA,NA,S506,N720,NA,NA,Sample,Nextera,Nextera,NA
1,July_2019,ARMS_Vigo_TorallaA_20180607_20180924_SF40_ETOH,2018,JT1-SF40-ETOH,first sequencing run,ARMS_Vigo_TorallaA_20180607_20180924_SF40_ETOH_r1,NA,ERR4018702,NA,S521,N718,NA,NA,Sample,Nextera,Nextera,NA
1,July_2019,ARMS_Vigo_TorallaA_20180607_20180924_SF40_ETOH,2018,JT1-SF40-ETOH,first sequencing run,ARMS_Vigo_TorallaA_20180607_20180924_SF40_ETOH_r1,NA,NA,ERR4605223,Dummy,A004,nnnaagagtgc,nnncatagtcg,Sample,TruSeq,TruSeq,ERR12645754
1,July_2019,Blank,NA,NA,NA,NA,NA,ERR4018475,NA,S522,N716,NA,NA,Blank,Nextera,Nextera,NA
1,July_2019,Blank,NA,NA,NA,NA,NA,NA,ERR4605902,Dummy,A004,nnnncatacctc,nnnnatacagcg,Blank,TruSeq,TruSeq,ERR12645754
1,July_2019,Blank1,NA,NA,NA,NA,ERR3460471,NA,NA,S505,N723,NA,NA,Blank,Nextera,Nextera,NA
1,July_2019,Blank2,NA,NA,NA,NA,ERR4018737,NA,NA,S510,N723,NA,NA,Blank,Nextera,Nextera,NA
2,January_2020,ARMS_Gdynia_GDY1_20180813_20191029_MF100_DMSO,2018,1206_GDY_2018_MF100_DESS,first sequencing run,ARMS_Gdynia_GDY1_20180813_20191029_MF100_DMSO_r1,ERR4018726,NA,NA,S511,N701,NA,NA,Sample,Nextera,Nextera,NA
2,January_2020,ARMS_Gdynia_GDY1_20180813_20191029_MF100_DMSO,2018,1206_GDY_2018_MF100_DESS,first sequencing run,ARMS_Gdynia_GDY1_20180813_20191029_MF100_DMSO_r1,NA,ERR4018724,NA,S505,N701,NA,NA,Sample,Nextera,Nextera,NA
2,January_2020,ARMS_Gdynia_GDY1_20180813_20191029_MF100_DMSO,2018,1206_GDY_2018_MF100_DESS,first sequencing run,ARMS_Gdynia_GDY1_20180813_20191029_MF100_DMSO_r1,NA,NA,ERR4018722,S503,N727,NA,NA,Sample,Nextera,Nextera,NA
2,January_2020,ARMS_Gdynia_GDY1_20180813_20191029_MF500_DMSO,2018,1206_GDY_2018_MF500_DESS,first sequencing run,ARMS_Gdynia_GDY1_20180813_20191029_MF500_DMSO_r1,ERR4018727,NA,NA,S511,N702,NA,NA,Sample,Nextera,Nextera,NA
2,January_2020,ARMS_Gdynia_GDY1_20180813_20191029_MF500_DMSO,2018,1206_GDY_2018_MF500_DESS,first sequencing run,ARMS_Gdynia_GDY1_20180813_20191029_MF500_DMSO_r1,NA,ERR4018725,NA,S505,N702,NA,NA,Sample,Nextera,Nextera,NA
2,January_2020,ARMS_Gdynia_GDY1_20180813_20191029_MF500_DMSO,2018,1206_GDY_2018_MF500_DESS,first sequencing run,ARMS_Gdynia_GDY1_20180813_20191029_MF500_DMSO_r1,NA,NA,ERR4018723,S504,N727,NA,NA,Sample,Nextera,Nextera,NA
2,January_2020,ARMS_Koster_VH1_20180418_20190527_MF100_DMSO,2018,2018_Koster_VH1_MF100_DMSO,first sequencing run,ARMS_Koster_VH1_20180418_20190527_MF100_DMSO_r1,ERR4018467,NA,NA,S515,N701,NA,NA,Sample,Nextera,Nextera,NA
2,January_2020,ARMS_Koster_VH1_20180418_20190527_MF100_DMSO,2018,2018_Koster_VH1_MF100_DMSO,first sequencing run,ARMS_Koster_VH1_20180418_20190527_MF100_DMSO_r1,NA,ERR4018462,NA,S505,N726,NA,NA,Sample,Nextera,Nextera,NA
2,January_2020,ARMS_Koster_VH1_20180418_20190527_MF100_DMSO,2018,2018_Koster_VH1_MF100_DMSO,first sequencing run,ARMS_Koster_VH1_20180418_20190527_MF100_DMSO_r1,NA,NA,ERR4018457,S521,N728,NA,NA,Sample,Nextera,Nextera,NA
2,January_2020,ARMS_Koster_VH1_20180418_20190527_MF500_DMSO,2018,2018_Koster_VH1_MF500_DMSO,first sequencing run,ARMS_Koster_VH1_20180418_20190527_MF500_DMSO_r1,ERR4018466,NA,NA,S513,N704,NA,NA,Sample,Nextera,Nextera,NA
2,January_2020,ARMS_Koster_VH1_20180418_20190527_MF500_DMSO,2018,2018_Koster_VH1_MF500_DMSO,first sequencing run,ARMS_Koster_VH1_20180418_20190527_MF500_DMSO_r1,NA,ERR4018461,NA,S505,N724,NA,NA,Sample,Nextera,Nextera,NA
2,January_2020,ARMS_Koster_VH1_20180418_20190527_MF500_DMSO,2018,2018_Koster_VH1_MF500_DMSO,first sequencing run,ARMS_Koster_VH1_20180418_20190527_MF500_DMSO_r1,NA,NA,ERR4018456,S515,N729,NA,NA,Sample,Nextera,Nextera,NA
2,January_2020,ARMS_Koster_VH1_20180418_20190527_SF40_DMSO,2018,2018_Koster_VH1_SF40_DMSO,first sequencing run,ARMS_Koster_VH1_20180418_20190527_SF40_DMSO_r1,ERR4018468,NA,NA,S515,N702,NA,NA,Sample,Nextera,Nextera,NA
2,January_2020,ARMS_Koster_VH1_20180418_20190527_SF40_DMSO,2018,2018_Koster_VH1_SF40_DMSO,first sequencing run,ARMS_Koster_VH1_20180418_20190527_SF40_DMSO_r1,NA,ERR4018463,NA,S505,N727,NA,NA,Sample,Nextera,Nextera,NA
2,January_2020,ARMS_Koster_VH1_20180418_20190527_SF40_DMSO,2018,2018_Koster_VH1_SF40_DMSO,first sequencing run,ARMS_Koster_VH1_20180418_20190527_SF40_DMSO_r1,NA,NA,ERR4018458,S520,N728,NA,NA,Sample,Nextera,Nextera,NA
2,January_2020,ARMS_Koster_VH3_20180418_20190527_MF100_DMSO,2018,2018_Koster_VH3_MF100_DMSO,first sequencing run,ARMS_Koster_VH3_20180418_20190527_MF100_DMSO_r1,ERR4018470,NA,NA,S515,N704,NA,NA,Sample,Nextera,Nextera,NA
2,January_2020,ARMS_Koster_VH3_20180418_20190527_MF100_DMSO,2018,2018_Koster_VH3_MF100_DMSO,first sequencing run,ARMS_Koster_VH3_20180418_20190527_MF100_DMSO_r1,NA,ERR4018465,NA,S505,N729,NA,NA,Sample,Nextera,Nextera,NA
2,January_2020,ARMS_Koster_VH3_20180418_20190527_MF100_DMSO,2018,2018_Koster_VH3_MF100_DMSO,first sequencing run,ARMS_Koster_VH3_20180418_20190527_MF100_DMSO_r1,NA,NA,ERR4018460,S518,N727,NA,NA,Sample,Nextera,Nextera,NA
2,January_2020,ARMS_Koster_VH3_20180418_20190527_MF500_DMSO,2018,2018_Koster_VH3_MF500_DMSO,first sequencing run,ARMS_Koster_VH3_20180418_20190527_MF500_DMSO_r1,ERR4018469,NA,NA,S515,N703,NA,NA,Sample,Nextera,Nextera,NA
2,January_2020,ARMS_Koster_VH3_20180418_20190527_MF500_DMSO,2018,2018_Koster_VH3_MF500_DMSO,first sequencing run,ARMS_Koster_VH3_20180418_20190527_MF500_DMSO_r1,NA,ERR4018464,NA,S505,N728,NA,NA,Sample,Nextera,Nextera,NA
2,January_2020,ARMS_Koster_VH3_20180418_20190527_MF500_DMSO,2018,2018_Koster_VH3_MF500_DMSO,first sequencing run,ARMS_Koster_VH3_20180418_20190527_MF500_DMSO_r1,NA,NA,ERR4018459,S518,N728,NA,NA,Sample,Nextera,Nextera,NA
2,January_2020,ARMS_Limfjord_Green33_20190618_20191029_MF100,2019,2019_Limfjord_Green33_MF100_DMSO,first sequencing run,ARMS_Limfjord_Green33_20190618_20191029_MF100_r1,ERR4018499,NA,NA,S511,N729,NA,NA,Sample,Nextera,Nextera,NA
2,January_2020,ARMS_Limfjord_Green33_20190618_20191029_MF100,2019,2019_Limfjord_Green33_MF100_DMSO,first sequencing run,ARMS_Limfjord_Green33_20190618_20191029_MF100_r1,NA,ERR4018490,NA,S507,N704,NA,NA,Sample,Nextera,Nextera,NA
2,January_2020,ARMS_Limfjord_Green33_20190618_20191029_MF100,2019,2019_Limfjord_Green33_MF100_DMSO,first sequencing run,ARMS_Limfjord_Green33_20190618_20191029_MF100_r1,NA,NA,ERR4018481,S515,N728,NA,NA,Sample,Nextera,Nextera,NA
2,January_2020,ARMS_Limfjord_Green33_20190618_20191029_MF500,2019,2019_Limfjord_Green33_MF500_DMSO,first sequencing run,ARMS_Limfjord_Green33_20190618_20191029_MF500_r1,ERR4018497,NA,NA,S511,N727,NA,NA,Sample,Nextera,Nextera,NA
2,January_2020,ARMS_Limfjord_Green33_20190618_20191029_MF500,2019,2019_Limfjord_Green33_MF500_DMSO,first sequencing run,ARMS_Limfjord_Green33_20190618_20191029_MF500_r1,NA,ERR4018488,NA,S507,N702,NA,NA,Sample,Nextera,Nextera,NA
2,January_2020,ARMS_Limfjord_Green33_20190618_20191029_MF500,2019,2019_Limfjord_Green33_MF500_DMSO,first sequencing run,ARMS_Limfjord_Green33_20190618_20191029_MF500_r1,NA,NA,ERR4018479,S504,N729,NA,NA,Sample,Nextera,Nextera,NA
2,January_2020,ARMS_Limfjord_Green33_20190618_20191029_SF40,2019,2019_Limfjord_Green33_SF_DMSO,first sequencing run,ARMS_Limfjord_Green33_20190618_20191029_SF40_r1,ERR4018498,NA,NA,S511,N728,NA,NA,Sample,Nextera,Nextera,NA
2,January_2020,ARMS_Limfjord_Green33_20190618_20191029_SF40,2019,2019_Limfjord_Green33_SF_DMSO,first sequencing run,ARMS_Limfjord_Green33_20190618_20191029_SF40_r1,NA,ERR4018489,NA,S507,N703,NA,NA,Sample,Nextera,Nextera,NA
2,January_2020,ARMS_Limfjord_Green33_20190618_20191029_SF40,2019,2019_Limfjord_Green33_SF_DMSO,first sequencing run,ARMS_Limfjord_Green33_20190618_20191029_SF40_r1,NA,NA,ERR4018480,S504,N726,NA,NA,Sample,Nextera,Nextera,NA
2,January_2020,ARMS_Limfjord_Red2_20190618_20191029_MF100,2019,2019_Limfjord_Red2_MF100_DMSO,first sequencing run,ARMS_Limfjord_Red2_20190618_20191029_MF100_r1,ERR4018502,NA,NA,S513,N703,NA,NA,Sample,Nextera,Nextera,NA
2,January_2020,ARMS_Limfjord_Red2_20190618_20191029_MF100,2019,2019_Limfjord_Red2_MF100_DMSO,first sequencing run,ARMS_Limfjord_Red2_20190618_20191029_MF100_r1,NA,ERR4018493,NA,S505,N723,NA,NA,Sample,Nextera,Nextera,NA
2,January_2020,ARMS_Limfjord_Red2_20190618_20191029_MF100,2019,2019_Limfjord_Red2_MF100_DMSO,first sequencing run,ARMS_Limfjord_Red2_20190618_20191029_MF100_r1,NA,NA,ERR4018484,S518,N729,NA,NA,Sample,Nextera,Nextera,NA
2,January_2020,ARMS_Limfjord_Red2_20190618_20191029_MF500,2019,2019_Limfjord_Red2_MF500_DMSO,first sequencing run,ARMS_Limfjord_Red2_20190618_20191029_MF500_r1,ERR4018500,NA,NA,S513,N701,NA,NA,Sample,Nextera,Nextera,NA
2,January_2020,ARMS_Limfjord_Red2_20190618_20191029_MF500,2019,2019_Limfjord_Red2_MF500_DMSO,first sequencing run,ARMS_Limfjord_Red2_20190618_20191029_MF500_r1,NA,ERR4018491,NA,S505,N721,NA,NA,Sample,Nextera,Nextera,NA
2,January_2020,ARMS_Limfjord_Red2_20190618_20191029_MF500,2019,2019_Limfjord_Red2_MF500_DMSO,first sequencing run,ARMS_Limfjord_Red2_20190618_20191029_MF500_r1,NA,NA,ERR4018482,S521,N729,NA,NA,Sample,Nextera,Nextera,NA
2,January_2020,ARMS_Limfjord_Red2_20190618_20191029_SF40,2019,2019_Limfjord_Red2_SF_DMSO,first sequencing run,ARMS_Limfjord_Red2_20190618_20191029_SF40_r1,ERR4018501,NA,NA,S513,N702,NA,NA,Sample,Nextera,Nextera,NA
2,January_2020,ARMS_Limfjord_Red2_20190618_20191029_SF40,2019,2019_Limfjord_Red2_SF_DMSO,first sequencing run,ARMS_Limfjord_Red2_20190618_20191029_SF40_r1,NA,ERR4018492,NA,S505,N722,NA,NA,Sample,Nextera,Nextera,NA
2,January_2020,ARMS_Limfjord_Red2_20190618_20191029_SF40,2019,2019_Limfjord_Red2_SF_DMSO,first sequencing run,ARMS_Limfjord_Red2_20190618_20191029_SF40_r1,NA,NA,ERR4018483,S520,N729,NA,NA,Sample,Nextera,Nextera,NA
2,January_2020,ARMS_Limfjord_Yellow8_20190618_20191029_MF100,2019,2019_Limfjord_Yellow8_MF100_DMSO,first sequencing run,ARMS_Limfjord_Yellow8_20190618_20191029_MF100_r1,ERR4018496,NA,NA,S511,N726,NA,NA,Sample,Nextera,Nextera,NA
2,January_2020,ARMS_Limfjord_Yellow8_20190618_20191029_MF100,2019,2019_Limfjord_Yellow8_MF100_DMSO,first sequencing run,ARMS_Limfjord_Yellow8_20190618_20191029_MF100_r1,NA,ERR4018487,NA,S507,N701,NA,NA,Sample,Nextera,Nextera,NA
2,January_2020,ARMS_Limfjord_Yellow8_20190618_20191029_MF100,2019,2019_Limfjord_Yellow8_MF100_DMSO,first sequencing run,ARMS_Limfjord_Yellow8_20190618_20191029_MF100_r1,NA,NA,ERR4018478,S503,N729,NA,NA,Sample,Nextera,Nextera,NA
2,January_2020,ARMS_Limfjord_Yellow8_20190618_20191029_MF500,2019,2019_Limfjord_Yellow8_MF500_DMSO,first sequencing run,ARMS_Limfjord_Yellow8_20190618_20191029_MF500_r1,ERR4018494,NA,NA,S511,N703,NA,NA,Sample,Nextera,Nextera,NA
2,January_2020,ARMS_Limfjord_Yellow8_20190618_20191029_MF500,2019,2019_Limfjord_Yellow8_MF500_DMSO,first sequencing run,ARMS_Limfjord_Yellow8_20190618_20191029_MF500_r1,NA,ERR4018485,NA,S505,N703,NA,NA,Sample,Nextera,Nextera,NA
2,January_2020,ARMS_Limfjord_Yellow8_20190618_20191029_MF500,2019,2019_Limfjord_Yellow8_MF500_DMSO,first sequencing run,ARMS_Limfjord_Yellow8_20190618_20191029_MF500_r1,NA,NA,ERR4018476,S503,N728,NA,NA,Sample,Nextera,Nextera,NA
2,January_2020,ARMS_Limfjord_Yellow8_20190618_20191029_SF40,2019,2019_Limfjord_Yellow8_SF_DMSO,first sequencing run,ARMS_Limfjord_Yellow8_20190618_20191029_SF40_r1,ERR4018495,NA,NA,S511,N704,NA,NA,Sample,Nextera,Nextera,NA
2,January_2020,ARMS_Limfjord_Yellow8_20190618_20191029_SF40,2019,2019_Limfjord_Yellow8_SF_DMSO,first sequencing run,ARMS_Limfjord_Yellow8_20190618_20191029_SF40_r1,NA,ERR4018486,NA,S505,N704,NA,NA,Sample,Nextera,Nextera,NA
2,January_2020,ARMS_Limfjord_Yellow8_20190618_20191029_SF40,2019,2019_Limfjord_Yellow8_SF_DMSO,first sequencing run,ARMS_Limfjord_Yellow8_20190618_20191029_SF40_r1,NA,NA,ERR4018477,S504,N728,NA,NA,Sample,Nextera,Nextera,NA
2,January_2020,ARMS_Plymouth_MBA1A_20190716_20190916_MF100,2019,2019_MBA_ARMS1A_MF100_DMSO,first sequencing run,ARMS_Plymouth_MBA1A_20190716_20190916_MF100_r1,ERR4018670,NA,NA,S510,N701,NA,NA,Sample,Nextera,Nextera,NA
2,January_2020,ARMS_Plymouth_MBA1A_20190716_20190916_MF100,2019,2019_MBA_ARMS1A_MF100_DMSO,first sequencing run,ARMS_Plymouth_MBA1A_20190716_20190916_MF100_r1,NA,ERR4018661,NA,S504,N701,NA,NA,Sample,Nextera,Nextera,NA
2,January_2020,ARMS_Plymouth_MBA1A_20190716_20190916_MF100,2019,2019_MBA_ARMS1A_MF100_DMSO,first sequencing run,ARMS_Plymouth_MBA1A_20190716_20190916_MF100_r1,NA,NA,ERR4018652,S513,N710,NA,NA,Sample,Nextera,Nextera,NA
2,January_2020,ARMS_Plymouth_MBA1A_20190716_20190916_MF500,2019,2019_MBA_ARMS1A_MF500_DMSO,first sequencing run,ARMS_Plymouth_MBA1A_20190716_20190916_MF500_r1,ERR4018669,NA,NA,S508,N729,NA,NA,Sample,Nextera,Nextera,NA
2,January_2020,ARMS_Plymouth_MBA1A_20190716_20190916_MF500,2019,2019_MBA_ARMS1A_MF500_DMSO,first sequencing run,ARMS_Plymouth_MBA1A_20190716_20190916_MF500_r1,NA,ERR4018660,NA,S513,N729,NA,NA,Sample,Nextera,Nextera,NA
2,January_2020,ARMS_Plymouth_MBA1A_20190716_20190916_MF500,2019,2019_MBA_ARMS1A_MF500_DMSO,first sequencing run,ARMS_Plymouth_MBA1A_20190716_20190916_MF500_r1,NA,NA,ERR4018651,S513,N705,NA,NA,Sample,Nextera,Nextera,NA
2,January_2020,ARMS_Plymouth_MBA1A_20190716_20190916_SF40,2019,2019_MBA_ARMS1A_SF_DMSO,first sequencing run,ARMS_Plymouth_MBA1A_20190716_20190916_SF40_r1,ERR4018671,NA,NA,S510,N702,NA,NA,Sample,Nextera,Nextera,NA
2,January_2020,ARMS_Plymouth_MBA1A_20190716_20190916_SF40,2019,2019_MBA_ARMS1A_SF_DMSO,first sequencing run,ARMS_Plymouth_MBA1A_20190716_20190916_SF40_r1,NA,ERR4018662,NA,S504,N702,NA,NA,Sample,Nextera,Nextera,NA
2,January_2020,ARMS_Plymouth_MBA1A_20190716_20190916_SF40,2019,2019_MBA_ARMS1A_SF_DMSO,first sequencing run,ARMS_Plymouth_MBA1A_20190716_20190916_SF40_r1,NA,NA,ERR4018653,S513,N721,NA,NA,Sample,Nextera,Nextera,NA
2,January_2020,ARMS_Plymouth_MBA1B_20190716_20190918_MF100,2019,2019_MBA_ARMS1B_MF100_DMSO,first sequencing run,ARMS_Plymouth_MBA1B_20190716_20190918_MF100_r1,ERR4018673,NA,NA,S510,N704,NA,NA,Sample,Nextera,Nextera,NA
2,January_2020,ARMS_Plymouth_MBA1B_20190716_20190918_MF100,2019,2019_MBA_ARMS1B_MF100_DMSO,first sequencing run,ARMS_Plymouth_MBA1B_20190716_20190918_MF100_r1,NA,ERR4018664,NA,S518,N701,NA,NA,Sample,Nextera,Nextera,NA
2,January_2020,ARMS_Plymouth_MBA1B_20190716_20190918_MF100,2019,2019_MBA_ARMS1B_MF100_DMSO,first sequencing run,ARMS_Plymouth_MBA1B_20190716_20190918_MF100_r1,NA,NA,ERR4018655,S513,N723,NA,NA,Sample,Nextera,Nextera,NA
2,January_2020,ARMS_Plymouth_MBA1B_20190716_20190918_MF500,2019,2019_MBA_ARMS1B_MF500_DMSO,first sequencing run,ARMS_Plymouth_MBA1B_20190716_20190918_MF500_r1,ERR4018672,NA,NA,S510,N703,NA,NA,Sample,Nextera,Nextera,NA
2,January_2020,ARMS_Plymouth_MBA1B_20190716_20190918_MF500,2019,2019_MBA_ARMS1B_MF500_DMSO,first sequencing run,ARMS_Plymouth_MBA1B_20190716_20190918_MF500_r1,NA,ERR4018663,NA,S504,N703,NA,NA,Sample,Nextera,Nextera,NA
2,January_2020,ARMS_Plymouth_MBA1B_20190716_20190918_MF500,2019,2019_MBA_ARMS1B_MF500_DMSO,first sequencing run,ARMS_Plymouth_MBA1B_20190716_20190918_MF500_r1,NA,NA,ERR4018654,S513,N722,NA,NA,Sample,Nextera,Nextera,NA
2,January_2020,ARMS_Plymouth_MBA1B_20190716_20190918_SF40,2019,2019_MBA_ARMS1B_SF_DMSO,first sequencing run,ARMS_Plymouth_MBA1B_20190716_20190918_SF40_r1,ERR4018674,NA,NA,S510,N726,NA,NA,Sample,Nextera,Nextera,NA
2,January_2020,ARMS_Plymouth_MBA1B_20190716_20190918_SF40,2019,2019_MBA_ARMS1B_SF_DMSO,first sequencing run,ARMS_Plymouth_MBA1B_20190716_20190918_SF40_r1,NA,ERR4018665,NA,S518,N702,NA,NA,Sample,Nextera,Nextera,NA
2,January_2020,ARMS_Plymouth_MBA1B_20190716_20190918_SF40,2019,2019_MBA_ARMS1B_SF_DMSO,first sequencing run,ARMS_Plymouth_MBA1B_20190716_20190918_SF40_r1,NA,NA,ERR4018656,S513,N724,NA,NA,Sample,Nextera,Nextera,NA
2,January_2020,ARMS_Plymouth_MBA1C_20190716_20190920_MF100,2019,2019_MBA_ARMS1C_MF100_DMSO,first sequencing run,ARMS_Plymouth_MBA1C_20190716_20190920_MF100_r1,ERR4018676,NA,NA,S510,N728,NA,NA,Sample,Nextera,Nextera,NA
2,January_2020,ARMS_Plymouth_MBA1C_20190716_20190920_MF100,2019,2019_MBA_ARMS1C_MF100_DMSO,first sequencing run,ARMS_Plymouth_MBA1C_20190716_20190920_MF100_r1,NA,ERR4018667,NA,S518,N704,NA,NA,Sample,Nextera,Nextera,NA
2,January_2020,ARMS_Plymouth_MBA1C_20190716_20190920_MF100,2019,2019_MBA_ARMS1C_MF100_DMSO,first sequencing run,ARMS_Plymouth_MBA1C_20190716_20190920_MF100_r1,NA,NA,ERR4018658,S513,N706,NA,NA,Sample,Nextera,Nextera,NA
2,January_2020,ARMS_Plymouth_MBA1C_20190716_20190920_MF500,2019,2019_MBA_ARMS1C_MF500_DMSO,first sequencing run,ARMS_Plymouth_MBA1C_20190716_20190920_MF500_r1,ERR4018675,NA,NA,S510,N727,NA,NA,Sample,Nextera,Nextera,NA
2,January_2020,ARMS_Plymouth_MBA1C_20190716_20190920_MF500,2019,2019_MBA_ARMS1C_MF500_DMSO,first sequencing run,ARMS_Plymouth_MBA1C_20190716_20190920_MF500_r1,NA,ERR4018666,NA,S518,N703,NA,NA,Sample,Nextera,Nextera,NA
2,January_2020,ARMS_Plymouth_MBA1C_20190716_20190920_MF500,2019,2019_MBA_ARMS1C_MF500_DMSO,first sequencing run,ARMS_Plymouth_MBA1C_20190716_20190920_MF500_r1,NA,NA,ERR4018657,S513,N707,NA,NA,Sample,Nextera,Nextera,NA
2,January_2020,ARMS_Plymouth_MBA1C_20190716_20190920_SF40,2019,2019_MBA_ARMS1C_SF_DMSO,first sequencing run,ARMS_Plymouth_MBA1C_20190716_20190920_SF40_r1,ERR4018677,NA,NA,S510,N729,NA,NA,Sample,Nextera,Nextera,NA
2,January_2020,ARMS_Plymouth_MBA1C_20190716_20190920_SF40,2019,2019_MBA_ARMS1C_SF_DMSO,first sequencing run,ARMS_Plymouth_MBA1C_20190716_20190920_SF40_r1,NA,ERR4018668,NA,S518,N705,NA,NA,Sample,Nextera,Nextera,NA
2,January_2020,ARMS_Plymouth_MBA1C_20190716_20190920_SF40,2019,2019_MBA_ARMS1C_SF_DMSO,first sequencing run,ARMS_Plymouth_MBA1C_20190716_20190920_SF40_r1,NA,NA,ERR4018659,S504,N704,NA,NA,Sample,Nextera,Nextera,NA
2,January_2020,ARMS_Roscoff_MarBloR1_20190612_20190916_MF100,2019,2019_MBlo_R1_MF100_DMSO,first sequencing run,ARMS_Roscoff_MarBloR1_20190612_20190916_MF100_r1,ERR4018635,NA,NA,S508,N707,NA,NA,Sample,Nextera,Nextera,NA
2,January_2020,ARMS_Roscoff_MarBloR1_20190612_20190916_MF100,2019,2019_MBlo_R1_MF100_DMSO,first sequencing run,ARMS_Roscoff_MarBloR1_20190612_20190916_MF100_r1,NA,ERR4018626,NA,S502,N728,NA,NA,Sample,Nextera,Nextera,NA
2,January_2020,ARMS_Roscoff_MarBloR1_20190612_20190916_MF100,2019,2019_MBlo_R1_MF100_DMSO,first sequencing run,ARMS_Roscoff_MarBloR1_20190612_20190916_MF100_r1,NA,NA,ERR4018617,S520,N703,NA,NA,Sample,Nextera,Nextera,NA
2,January_2020,ARMS_Roscoff_MarBloR1_20190612_20190916_MF500,2019,2019_MBlo_R1_MF500_DMSO,first sequencing run,ARMS_Roscoff_MarBloR1_20190612_20190916_MF500_r1,ERR4018636,NA,NA,S508,N710,NA,NA,Sample,Nextera,Nextera,NA
2,January_2020,ARMS_Roscoff_MarBloR1_20190612_20190916_MF500,2019,2019_MBlo_R1_MF500_DMSO,first sequencing run,ARMS_Roscoff_MarBloR1_20190612_20190916_MF500_r1,NA,ERR4018627,NA,S502,N729,NA,NA,Sample,Nextera,Nextera,NA
2,January_2020,ARMS_Roscoff_MarBloR1_20190612_20190916_MF500,2019,2019_MBlo_R1_MF500_DMSO,first sequencing run,ARMS_Roscoff_MarBloR1_20190612_20190916_MF500_r1,NA,NA,ERR4018618,S521,N703,NA,NA,Sample,Nextera,Nextera,NA
2,January_2020,ARMS_Roscoff_MarBloR1_20190612_20190916_SF40,2019,2019_MBlo_R1_SF40_DMSO,first sequencing run,ARMS_Roscoff_MarBloR1_20190612_20190916_SF40_r1,ERR4018637,NA,NA,S507,N726,NA,NA,Sample,Nextera,Nextera,NA
2,January_2020,ARMS_Roscoff_MarBloR1_20190612_20190916_SF40,2019,2019_MBlo_R1_SF40_DMSO,first sequencing run,ARMS_Roscoff_MarBloR1_20190612_20190916_SF40_r1,NA,ERR4018628,NA,S503,N701,NA,NA,Sample,Nextera,Nextera,NA
2,January_2020,ARMS_Roscoff_MarBloR1_20190612_20190916_SF40,2019,2019_MBlo_R1_SF40_DMSO,first sequencing run,ARMS_Roscoff_MarBloR1_20190612_20190916_SF40_r1,NA,NA,ERR4018619,S522,N703,NA,NA,Sample,Nextera,Nextera,NA
2,January_2020,ARMS_Roscoff_MarBloR2_20190612_20190917_MF100,2019,2019_MBlo_R2_MF100_DMSO,first sequencing run,ARMS_Roscoff_MarBloR2_20190612_20190917_MF100_r1,ERR4018638,NA,NA,S507,N727,NA,NA,Sample,Nextera,Nextera,NA
2,January_2020,ARMS_Roscoff_MarBloR2_20190612_20190917_MF100,2019,2019_MBlo_R2_MF100_DMSO,first sequencing run,ARMS_Roscoff_MarBloR2_20190612_20190917_MF100_r1,NA,ERR4018629,NA,S503,N702,NA,NA,Sample,Nextera,Nextera,NA
2,January_2020,ARMS_Roscoff_MarBloR2_20190612_20190917_MF100,2019,2019_MBlo_R2_MF100_DMSO,first sequencing run,ARMS_Roscoff_MarBloR2_20190612_20190917_MF100_r1,NA,NA,ERR4018620,S520,N704,NA,NA,Sample,Nextera,Nextera,NA
2,January_2020,ARMS_Roscoff_MarBloR2_20190612_20190917_MF500,2019,2019_MBlo_R2_MF500_DMSO,first sequencing run,ARMS_Roscoff_MarBloR2_20190612_20190917_MF500_r1,ERR4018639,NA,NA,S507,N728,NA,NA,Sample,Nextera,Nextera,NA
2,January_2020,ARMS_Roscoff_MarBloR2_20190612_20190917_MF500,2019,2019_MBlo_R2_MF500_DMSO,first sequencing run,ARMS_Roscoff_MarBloR2_20190612_20190917_MF500_r1,NA,ERR4018630,NA,S503,N703,NA,NA,Sample,Nextera,Nextera,NA
2,January_2020,ARMS_Roscoff_MarBloR2_20190612_20190917_MF500,2019,2019_MBlo_R2_MF500_DMSO,first sequencing run,ARMS_Roscoff_MarBloR2_20190612_20190917_MF500_r1,NA,NA,ERR4018621,S521,N704,NA,NA,Sample,Nextera,Nextera,NA
2,January_2020,ARMS_Roscoff_MarBloR2_20190612_20190917_SF40,2019,2019_MBlo_R2_SF40_DMSO,first sequencing run,ARMS_Roscoff_MarBloR2_20190612_20190917_SF40_r1,ERR4018640,NA,NA,S507,N729,NA,NA,Sample,Nextera,Nextera,NA
2,January_2020,ARMS_Roscoff_MarBloR2_20190612_20190917_SF40,2019,2019_MBlo_R2_SF40_DMSO,first sequencing run,ARMS_Roscoff_MarBloR2_20190612_20190917_SF40_r1,NA,ERR4018631,NA,S503,N704,NA,NA,Sample,Nextera,Nextera,NA
2,January_2020,ARMS_Roscoff_MarBloR2_20190612_20190917_SF40,2019,2019_MBlo_R2_SF40_DMSO,first sequencing run,ARMS_Roscoff_MarBloR2_20190612_20190917_SF40_r1,NA,NA,ERR4018622,S522,N704,NA,NA,Sample,Nextera,Nextera,NA
2,January_2020,ARMS_Roscoff_MarBloR3_20190612_20190918_MF100,2019,2019_MBlo_R3_MF100_DMSO,first sequencing run,ARMS_Roscoff_MarBloR3_20190612_20190918_MF100_r1,ERR4018641,NA,NA,S508,N726,NA,NA,Sample,Nextera,Nextera,NA
2,January_2020,ARMS_Roscoff_MarBloR3_20190612_20190918_MF100,2019,2019_MBlo_R3_MF100_DMSO,first sequencing run,ARMS_Roscoff_MarBloR3_20190612_20190918_MF100_r1,NA,ERR4018632,NA,S503,N726,NA,NA,Sample,Nextera,Nextera,NA
2,January_2020,ARMS_Roscoff_MarBloR3_20190612_20190918_MF100,2019,2019_MBlo_R3_MF100_DMSO,first sequencing run,ARMS_Roscoff_MarBloR3_20190612_20190918_MF100_r1,NA,NA,ERR4018623,S520,N705,NA,NA,Sample,Nextera,Nextera,NA
2,January_2020,ARMS_Roscoff_MarBloR3_20190612_20190918_MF500,2019,2019_MBlo_R3_MF500_DMSO,first sequencing run,ARMS_Roscoff_MarBloR3_20190612_20190918_MF500_r1,ERR4018642,NA,NA,S508,N727,NA,NA,Sample,Nextera,Nextera,NA
2,January_2020,ARMS_Roscoff_MarBloR3_20190612_20190918_MF500,2019,2019_MBlo_R3_MF500_DMSO,first sequencing run,ARMS_Roscoff_MarBloR3_20190612_20190918_MF500_r1,NA,ERR4018633,NA,S513,N726,NA,NA,Sample,Nextera,Nextera,NA
2,January_2020,ARMS_Roscoff_MarBloR3_20190612_20190918_MF500,2019,2019_MBlo_R3_MF500_DMSO,first sequencing run,ARMS_Roscoff_MarBloR3_20190612_20190918_MF500_r1,NA,NA,ERR4018624,S521,N705,NA,NA,Sample,Nextera,Nextera,NA
2,January_2020,ARMS_Roscoff_MarBloR3_20190612_20190918_SF40,2019,2019_MBlo_R3_SF40_DMSO,first sequencing run,ARMS_Roscoff_MarBloR3_20190612_20190918_SF40_r1,ERR4018643,NA,NA,S508,N728,NA,NA,Sample,Nextera,Nextera,NA
2,January_2020,ARMS_Roscoff_MarBloR3_20190612_20190918_SF40,2019,2019_MBlo_R3_SF40_DMSO,first sequencing run,ARMS_Roscoff_MarBloR3_20190612_20190918_SF40_r1,NA,ERR4018634,NA,S513,N727,NA,NA,Sample,Nextera,Nextera,NA
2,January_2020,ARMS_Roscoff_MarBloR3_20190612_20190918_SF40,2019,2019_MBlo_R3_SF40_DMSO,first sequencing run,ARMS_Roscoff_MarBloR3_20190612_20190918_SF40_r1,NA,NA,ERR4018625,S522,N705,NA,NA,Sample,Nextera,Nextera,NA
2,January_2020,ARMS_Vigo_TorallaA_20190625_20191014_MF100,2019,JTBL_A_MF100,first sequencing run,ARMS_Vigo_TorallaA_20190625_20191014_MF100_r1,ERR4018716,NA,NA,S508,N701,NA,NA,Sample,Nextera,Nextera,NA
2,January_2020,ARMS_Vigo_TorallaA_20190625_20191014_MF100,2019,JTBL_A_MF100,first sequencing run,ARMS_Vigo_TorallaA_20190625_20191014_MF100_r1,NA,ERR4018710,NA,S502,N701,NA,NA,Sample,Nextera,Nextera,NA
2,January_2020,ARMS_Vigo_TorallaA_20190625_20191014_MF100,2019,JTBL_A_MF100,first sequencing run,ARMS_Vigo_TorallaA_20190625_20191014_MF100_r1,NA,NA,ERR4018704 ,S520,N701,NA,NA,Sample,Nextera,Nextera,NA
2,January_2020,ARMS_Vigo_TorallaA_20190625_20191014_MF500,2019,JTBL_A_MF500,first sequencing run,ARMS_Vigo_TorallaA_20190625_20191014_MF500_r1,ERR4018717,NA,NA,S508,N702,NA,NA,Sample,Nextera,Nextera,NA
2,January_2020,ARMS_Vigo_TorallaA_20190625_20191014_MF500,2019,JTBL_A_MF500,first sequencing run,ARMS_Vigo_TorallaA_20190625_20191014_MF500_r1,NA,ERR4018711,NA,S502,N702,NA,NA,Sample,Nextera,Nextera,NA
2,January_2020,ARMS_Vigo_TorallaA_20190625_20191014_MF500,2019,JTBL_A_MF500,first sequencing run,ARMS_Vigo_TorallaA_20190625_20191014_MF500_r1,NA,NA,ERR4018705 ,S521,N701,NA,NA,Sample,Nextera,Nextera,NA
2,January_2020,ARMS_Vigo_TorallaB_20190625_20191014_MF100,2019,JTBL_B_MF100,first sequencing run,ARMS_Vigo_TorallaB_20190625_20191014_MF100_r1,ERR4018718,NA,NA,S508,N703,NA,NA,Sample,Nextera,Nextera,NA
2,January_2020,ARMS_Vigo_TorallaB_20190625_20191014_MF100,2019,JTBL_B_MF100,first sequencing run,ARMS_Vigo_TorallaB_20190625_20191014_MF100_r1,NA,ERR4018712,NA,S502,N703,NA,NA,Sample,Nextera,Nextera,NA
2,January_2020,ARMS_Vigo_TorallaB_20190625_20191014_MF100,2019,JTBL_B_MF100,first sequencing run,ARMS_Vigo_TorallaB_20190625_20191014_MF100_r1,NA,NA,ERR4018706,S522,N701,NA,NA,Sample,Nextera,Nextera,NA
2,January_2020,ARMS_Vigo_TorallaB_20190625_20191014_MF500,2019,JTBL_B_MF500,first sequencing run,ARMS_Vigo_TorallaB_20190625_20191014_MF500_r1,ERR4018719,NA,NA,S508,N704,NA,NA,Sample,Nextera,Nextera,NA
2,January_2020,ARMS_Vigo_TorallaB_20190625_20191014_MF500,2019,JTBL_B_MF500,first sequencing run,ARMS_Vigo_TorallaB_20190625_20191014_MF500_r1,NA,ERR4018713,NA,S502,N704,NA,NA,Sample,Nextera,Nextera,NA
2,January_2020,ARMS_Vigo_TorallaB_20190625_20191014_MF500,2019,JTBL_B_MF500,first sequencing run,ARMS_Vigo_TorallaB_20190625_20191014_MF500_r1,NA,NA,ERR4018707 ,S520,N702,NA,NA,Sample,Nextera,Nextera,NA
2,January_2020,ARMS_Vigo_TorallaC_20190625_20191014_MF100,2019,JTBL_C_MF100,first sequencing run,ARMS_Vigo_TorallaC_20190625_20191014_MF100_r1,ERR4018720,NA,NA,S508,N705,NA,NA,Sample,Nextera,Nextera,NA
2,January_2020,ARMS_Vigo_TorallaC_20190625_20191014_MF100,2019,JTBL_C_MF100,first sequencing run,ARMS_Vigo_TorallaC_20190625_20191014_MF100_r1,NA,ERR4018714,NA,S502,N726,NA,NA,Sample,Nextera,Nextera,NA
2,January_2020,ARMS_Vigo_TorallaC_20190625_20191014_MF100,2019,JTBL_C_MF100,first sequencing run,ARMS_Vigo_TorallaC_20190625_20191014_MF100_r1,NA,NA,ERR4018708,S521,N702,NA,NA,Sample,Nextera,Nextera,NA
2,January_2020,ARMS_Vigo_TorallaC_20190625_20191014_MF500,2019,JTBL_C_MF500,first sequencing run,ARMS_Vigo_TorallaC_20190625_20191014_MF500_r1,ERR4018721,NA,NA,S508,N706,NA,NA,Sample,Nextera,Nextera,NA
2,January_2020,ARMS_Vigo_TorallaC_20190625_20191014_MF500,2019,JTBL_C_MF500,first sequencing run,ARMS_Vigo_TorallaC_20190625_20191014_MF500_r1,NA,ERR4018715,NA,S502,N727,NA,NA,Sample,Nextera,Nextera,NA
2,January_2020,ARMS_Vigo_TorallaC_20190625_20191014_MF500,2019,JTBL_C_MF500,first sequencing run,ARMS_Vigo_TorallaC_20190625_20191014_MF500_r1,NA,NA,ERR4018709 ,S522,N702,NA,NA,Sample,Nextera,Nextera,NA
2,January_2020,Blank,NA,NA,NA,NA,ERR4018471,NA,NA,S515,N726,NA,NA,Blank,Nextera,Nextera,NA
2,January_2020,Blank,NA,NA,NA,NA,NA,ERR4018473,NA,S522,N729,NA,NA,Blank,Nextera,Nextera,NA
2,January_2020,Blank,NA,NA,NA,NA,NA,NA,ERR4018472,S520,N727,NA,NA,Blank,Nextera,Nextera,NA
3,September_2020,ARMS_BelgiumCoast_AZBE1_20190924_20200303_MF500,2019,ARMS_VLIZ_ZBE1_20190924-20200303_MT500_A,first sequencing run,ARMS_BelgiumCoast_AZBE1_20190924_20200303_MF500_r1,ERR4914228,ERR4914229,ERR4914227,S518,N723,NA,NA,Sample,Nextera,Nextera,ERR12645813
3,September_2020,ARMS_Koster_VH1_20190527_20200716_MF100,2019,ARMS_KOSTER_VH1_190527-200716_ MF100,first sequencing run,ARMS_Koster_VH1_20190527_20200716_MF100_r1,ERR4914103,ERR4914161,ERR4914045 ,S508,N720,NA,NA,Sample,Nextera,Nextera,ERR12645804
3,September_2020,ARMS_Koster_VH1_20190527_20200716_MF500,2019,ARMS_KOSTER_VH1_190527-200716_ MF500,first sequencing run,ARMS_Koster_VH1_20190527_20200716_MF500_r1,ERR4914104,ERR4914162,ERR4914046 ,S507,N718,NA,NA,Sample,Nextera,Nextera,ERR12645805
3,September_2020,ARMS_Koster_VH1_20190527_20200716_SF40,2019,ARMS_KOSTER_VH1_190527-200716_SF40_A,first sequencing run,ARMS_Koster_VH1_20190527_20200716_SF40_r1,ERR4914105,ERR4914163,ERR4914047,S506,N716,NA,NA,Sample,Nextera,Nextera,ERR12645806
3,September_2020,ARMS_Koster_VH2_20190527_20200716_MF100,2019,ARMS_KOSTER_VH2_190527-200716_ MF100,first sequencing run,ARMS_Koster_VH2_20190527_20200716_MF100_r1,ERR4914109,ERR4914167,ERR4914051,S507,N714,NA,NA,Sample,Nextera,Nextera,ERR12645807
3,September_2020,ARMS_Koster_VH2_20190527_20200716_MF500,2019,ARMS_KOSTER_VH2_190527-200716_ MF500,first sequencing run,ARMS_Koster_VH2_20190527_20200716_MF500_r1,ERR4914110,ERR4914168,ERR4914052,S508,N715,NA,NA,Sample,Nextera,Nextera,ERR12645808
3,September_2020,ARMS_Koster_VH2_20190527_20200716_SF40,2019,ARMS_KOSTER_VH2_190527-200716_SF40_A,first sequencing run,ARMS_Koster_VH2_20190527_20200716_SF40_r1,ERR4914111,ERR4914169,ERR4914053,S510,N716,NA,NA,Sample,Nextera,Nextera,ERR12645809
3,September_2020,ARMS_Koster_VH3_20190527_20200716_MF100,2019,ARMS_KOSTER_VH3_190527-200716_ MF100,first sequencing run,ARMS_Koster_VH3_20190527_20200716_MF100_r1,ERR4914106,ERR4914164,ERR4914048,S511,N718,NA,NA,Sample,Nextera,Nextera,ERR12645810
3,September_2020,ARMS_Koster_VH3_20190527_20200716_MF500,2019,ARMS_KOSTER_VH3_190527-200716_ MF500,first sequencing run,ARMS_Koster_VH3_20190527_20200716_MF500_r1,ERR4914107,ERR4914165,ERR4914049,S513,N720,NA,NA,Sample,Nextera,Nextera,ERR12645811
3,September_2020,ARMS_Koster_VH3_20190527_20200716_SF40,2019,ARMS_KOSTER_VH3_190527-200716_SF40_A,first sequencing run,ARMS_Koster_VH3_20190527_20200716_SF40_r1,ERR4914108,ERR4914166,ERR4914050,S515,N722,NA,NA,Sample,Nextera,Nextera,ERR12645812
3,September_2020,Blank,NA,NA,NA,NA,ERR4914160,ERR4914218,ERR4914102,S507,N707,NA,NA,Blank,Nextera,Nextera,ERR12645785
4,April_2021,ARMS_BelgiumCoast_AZBE1_20190924_20200303_SF40,2019,ARMS_VLIZ_ZBE1_20190924-20200303_SF40_A,first sequencing run,ARMS_BelgiumCoast_AZBE1_20190924_20200303_SF40_r1,ERR7125478,ERR7125479,ERR7125477,S505,N727,NA,NA,Sample,Nextera,Nextera,ERR12645845
4,April_2021,ARMS_Crete_1HERP_20190612_20191011_MF500,2019,2019_1HERP_ARMS2_MF500,first sequencing run,ARMS_Crete_1HERP_20190612_20191011_MF500_r1,ERR7125537,ERR7125538,ERR7125536,S506,N726,NA,NA,Sample,Nextera,Nextera,ERR12645702
4,April_2021,ARMS_Crete_1HERP_20190612_20191011_MF90,2019,2019_1HERP_ARMS2_MF90,first sequencing run,ARMS_Crete_1HERP_20190612_20191011_MF90_r1,ERR7125540,ERR7125541,ERR7125539,S505,N726,NA,NA,Sample,Nextera,Nextera,ERR12645703
4,April_2021,ARMS_Crete_1HERP_20190612_20191011_SF,2019,2019_1HERP_ARMS2_SF1,first sequencing run,ARMS_Crete_1HERP_20190612_20191011_SF_r1,ERR7125543,ERR7125544,ERR7125542,S506,N727,NA,NA,Sample,Nextera,Nextera,ERR12645701
4,April_2021,ARMS_Crete_1HERP_20190612_20200210_MF500,2019,2020_1HERP_ARMS3_MF500,first sequencing run,ARMS_Crete_1HERP_20190612_20200210_MF500_r1,ERR7125546,ERR7125547,ERR7125545,S508,N723,NA,NA,Sample,Nextera,Nextera,ERR12645705
4,April_2021,ARMS_Crete_1HERP_20190612_20200210_MF90,2019,2020_1HERP_ARMS3_MF90,first sequencing run,ARMS_Crete_1HERP_20190612_20200210_MF90_r1,ERR7125549,ERR7125550,ERR7125548,S508,N722,NA,NA,Sample,Nextera,Nextera,ERR12645706
4,April_2021,ARMS_Crete_1HERP_20190612_20200210_SF,2019,2020_1HERP_ARMS3_SF1,first sequencing run,ARMS_Crete_1HERP_20190612_20200210_SF_r1,ERR7125552,ERR7125553,ERR7125551,S508,N726,NA,NA,Sample,Nextera,Nextera,ERR12645704
4,April_2021,ARMS_Crete_1HERP_20190612_20200618_MF500,2019,ARMS4_200618_Motile_500,first sequencing run,ARMS_Crete_1HERP_20190612_20200618_MF500_r1,ERR7125555,ERR7125556,ERR7125554,S508,N727,NA,NA,Sample,Nextera,Nextera,ERR12645708
4,April_2021,ARMS_Crete_1HERP_20190612_20200618_MF90,2019,ARMS4_200618_Motile_90,first sequencing run,ARMS_Crete_1HERP_20190612_20200618_MF90_r1,ERR7125558,ERR7125559,ERR7125557,S511,N727,NA,NA,Sample,Nextera,Nextera,ERR12645709
4,April_2021,ARMS_Crete_1HERP_20190612_20200618_SF,2019,ARMS4_200618_Sessile,first sequencing run,ARMS_Crete_1HERP_20190612_20200618_SF_r1,ERR7125561,ERR7125562,ERR7125560,S508,N721,NA,NA,Sample,Nextera,Nextera,ERR12645707
4,April_2021,ARMS_Crete_2UBPC_20190924_20201211_MF500,2019,ARMS_Crete_2UBPC_190924-201211_MF500,first sequencing run,ARMS_Crete_2UBPC_20190924_20201211_MF500_r1,ERR7125573,ERR7125574,ERR7125572,S521,N726,NA,NA,Sample,Nextera,Nextera,ERR12645711
4,April_2021,ARMS_Crete_2UBPC_20190924_20201211_MF90,2019,ARMS_Crete_2UBPC_190924-201211_MF90,first sequencing run,ARMS_Crete_2UBPC_20190924_20201211_MF90_r1,ERR7125576,ERR7125577,ERR7125575,S505,N721,NA,NA,Sample,Nextera,Nextera,ERR12645712
4,April_2021,ARMS_Crete_2UBPC_20190924_20201211_SF,2019,ARMS_Crete_2UBPC_190924-201211_SF,first sequencing run,ARMS_Crete_2UBPC_20190924_20201211_SF_r1,ERR7125579,ERR7125580,ERR7125578,S521,N727,NA,NA,Sample,Nextera,Nextera,ERR12645710
4,April_2021,ARMS_Gdynia_GDY1_20180813_20191029_SF38_DMSO,2018,1206_GDY_2018_SF-Plate1-DESS,first sequencing run,ARMS_Gdynia_GDY1_20180813_20191029_SF38_DMSO_r1,ERR12542761,ERR12542762,ERR12542760,S505,N712,NA,NA,Sample,Nextera,Nextera,ERR12645829
4,April_2021,ARMS_Gdynia_GDY1_20190619_20191029_MF500,2019,1285_GDY_2019_MF500-DESS,first sequencing run,ARMS_Gdynia_GDY1_20190619_20191029_MF500_r1,ERR7125527,ERR7125528,ERR7125526,S505,N714,NA,NA,Sample,Nextera,Nextera,ERR12645830
4,April_2021,ARMS_Getxo_G2_20190624_20191016_MF100,2019,Getxo-G2-MF100-A-DMSO,first sequencing run,ARMS_Getxo_G2_20190624_20191016_MF100_r1,ERR7127676,ERR7127677,ERR7127675,S506,N711,NA,NA,Sample,Nextera,Nextera,ERR12645815
4,April_2021,ARMS_Getxo_G2_20200624_20201103_SF40,2020,Getxo-G2-SF40-A-B-C-DMSO,first sequencing run,ARMS_Getxo_G2_20200624_20201103_SF40_r1,ERR7127682,ERR7127683,ERR7127681,S521,N712,NA,NA,Sample,Nextera,Nextera,ERR12645820
4,April_2021,ARMS_Laeso_Laeso1_20190819_20200811_MF100,2019,ARMS_Laesoe1_190819-200811_MF100_A,first sequencing run,ARMS_Laeso_Laeso1_20190819_20200811_MF100_r1,ERR7127583,ERR7127584,ERR7127582,S520,N714,NA,NA,Sample,Nextera,Nextera,ERR12645831
4,April_2021,ARMS_Laeso_Laeso1_20190819_20200811_MF500,2019,ARMS_Laesoe1_190819-200811_MF500_A,first sequencing run,ARMS_Laeso_Laeso1_20190819_20200811_MF500_r1,ERR7127586,ERR7127587,ERR7127585,S520,N715,NA,NA,Sample,Nextera,Nextera,ERR12645832
4,April_2021,ARMS_Laeso_Laeso1_20190819_20200811_SF40,2019,ARMS_Laesoe1_190819-200811_SF40_A,first sequencing run,ARMS_Laeso_Laeso1_20190819_20200811_SF40_r1,ERR7127589,ERR7127590,ERR7127588,S521,N715,NA,NA,Sample,Nextera,Nextera,ERR12645833
4,April_2021,ARMS_Laeso_Laeso2_20190819_20200811_MF100,2019,ARMS_Laesoe2_190819-200811_MF100_A,first sequencing run,ARMS_Laeso_Laeso2_20190819_20200811_MF100_r1,ERR7127592,ERR7127593,ERR7127591,S517,N715,NA,NA,Sample,Nextera,Nextera,ERR12645834
4,April_2021,ARMS_Laeso_Laeso2_20190819_20200811_SF40,2019,ARMS_Laesoe2_190819-200811_SF40_A,first sequencing run,ARMS_Laeso_Laeso2_20190819_20200811_SF40_r1,ERR7127595,ERR7127596,ERR7127594,S517,N723,NA,NA,Sample,Nextera,Nextera,ERR12645835
4,April_2021,ARMS_Laeso_Laeso3_20190819_20200811_MF100,2019,ARMS_Laesoe3_190819-200811_MF100_A,first sequencing run,ARMS_Laeso_Laeso3_20190819_20200811_MF100_r1,ERR7127598,ERR7127599,ERR7127597,S520,N723,NA,NA,Sample,Nextera,Nextera,ERR12645836
4,April_2021,ARMS_Laeso_Laeso3_20190819_20200811_MF500,2019,ARMS_Laesoe3_190819-200811_MF500_A,first sequencing run,ARMS_Laeso_Laeso3_20190819_20200811_MF500_r1,ERR7127601,ERR7127602,ERR7127600,S521,N723,NA,NA,Sample,Nextera,Nextera,ERR12645837
4,April_2021,ARMS_Laeso_Laeso3_20190819_20200811_SF40,2019,ARMS_Laesoe3_190819-200811_SF40_A,first sequencing run,ARMS_Laeso_Laeso3_20190819_20200811_SF40_r1,ERR7127604,ERR7127605,ERR7127603,S521,N722,NA,NA,Sample,Nextera,Nextera,ERR12645838
4,April_2021,ARMS_Roscoff_BasBloS1_20190612_20200527_SF40,2019,ARMS_BasBlo_S1_190612-200527_SF40,first sequencing run,ARMS_Roscoff_BasBloS1_20190612_20200527_SF40_r1,ERR7125601,ERR7125602,ERR7125600,S508,N714,NA,NA,Sample,Nextera,Nextera,ERR12645823
4,April_2021,ARMS_Roscoff_BasBloS2_20190612_20200528_MF100,2019,ARMS_BasBlo_S2_190612-200528_MF100,first sequencing run,ARMS_Roscoff_BasBloS2_20190612_20200528_MF100_r1,ERR7125604,ERR7125605,ERR7125603,S508,N715,NA,NA,Sample,Nextera,Nextera,ERR12645824
4,April_2021,ARMS_Roscoff_BasBloS2_20190612_20200528_MF500,2019,ARMS_BasBlo_S2_190612-200528_MF500,first sequencing run,ARMS_Roscoff_BasBloS2_20190612_20200528_MF500_r1,ERR7125607,ERR7125608,ERR7125606,S507,N715,NA,NA,Sample,Nextera,Nextera,ERR12645825
4,April_2021,ARMS_Roscoff_BasBloS3_20190612_20200529_MF100,2019,ARMS_BasBlo_S3_190612-200529_MF100,first sequencing run,ARMS_Roscoff_BasBloS3_20190612_20200529_MF100_r1,ERR7125610,ERR7125611,ERR7125609,S507,N714,NA,NA,Sample,Nextera,Nextera,ERR12645826
4,April_2021,ARMS_Roscoff_BasBloS3_20190612_20200529_MF500,2019,ARMS_BasBlo_S3_190612-200529_MF500,first sequencing run,ARMS_Roscoff_BasBloS3_20190612_20200529_MF500_r1,ERR7125613,ERR7125614,ERR7125612,S506,N714,NA,NA,Sample,Nextera,Nextera,ERR12645827
4,April_2021,ARMS_Roscoff_BasBloS3_20190612_20200529_SF40,2019,ARMS_BasBlo_S3_190612-200529_SF40,first sequencing run,ARMS_Roscoff_BasBloS3_20190612_20200529_SF40_r1,ERR7125616,ERR7125617,ERR7125615,S506,N712,NA,NA,Sample,Nextera,Nextera,ERR12645828
4,April_2021,ARMS_Svalbard_S1_20180706_20190806_MF500_ETOH,2018,2019-Svalbard-S1-MF500-EtOH,first sequencing run,ARMS_Svalbard_S1_20180706_20190806_MF500_ETOH_r1,ERR7127636,ERR7127637,ERR7127635,S506,N721,NA,NA,Sample,Nextera,Nextera,ERR12645846
4,April_2021,ARMS_Svalbard_S1_20180706_20190806_SF40_ETOH,2018,2019-Svalbard-S1-SF-EtOH,first sequencing run,ARMS_Svalbard_S1_20180706_20190806_SF40_ETOH_r1,ERR7127639,ERR7127640,ERR7127638,S507,N727,NA,NA,Sample,Nextera,Nextera,ERR12645847
4,April_2021,ARMS_Svalbard_S1_20190806_20200804_MF100,2019,ARMS_Svalbard_S1_190806-200804_SF100,first sequencing run,ARMS_Svalbard_S1_20190806_20200804_MF100_r1,ERR7127642,ERR7127643,ERR7127641,S521,N714,NA,NA,Sample,Nextera,Nextera,ERR12645848
4,April_2021,ARMS_Svalbard_S1_20190806_20200804_MF500,2019,ARMS_Svalbard_S1_190806-200804_SF500,first sequencing run,ARMS_Svalbard_S1_20190806_20200804_MF500_r1,ERR7127645,ERR7127646,ERR7127644,S518,N727,NA,NA,Sample,Nextera,Nextera,ERR12645849
4,April_2021,ARMS_Svalbard_S2_20180708_20190805_MF100_ETOH,2018,2019-Svalbard-S2-MF100-EtOH,first sequencing run,ARMS_Svalbard_S2_20180708_20190805_MF100_ETOH_r1,ERR7127648,ERR7127649,ERR7127647,S518,N726,NA,NA,Sample,Nextera,Nextera,ERR12645850
4,April_2021,ARMS_Svalbard_S2_20190805_20200801_SF40,2019,ARMS_Svalbard_S2_190805-200801_SF40,first sequencing run,ARMS_Svalbard_S2_20190805_20200801_SF40_r1,ERR7127651,ERR7127652,ERR7127650,S505,N729,NA,NA,Sample,Nextera,Nextera,ERR12645851
4,April_2021,ARMS_Vigo_TorallaA_20190625_20191014_SF40,2019,JTBL_A-SF40,first sequencing run,ARMS_Vigo_TorallaA_20190625_20191014_SF40_r1,ERR7127691,ERR7127692,ERR7127690,S505,N711,NA,NA,Sample,Nextera,Nextera,ERR12645814
4,April_2021,Blank,NA,NA,NA,NA,ERR7125534,ERR7125535,ERR7125533,S520,N729,NA,NA,Blank,Nextera,Nextera,ERR12645857
5,May_2021,ARMS_BelgiumCoast_AZBE1_20190924_20200303_MF100,2019,ARMS_VLIZ_ZBE1_20190924-20200303_MT100_A,first sequencing run,ARMS_BelgiumCoast_AZBE1_20190924_20200303_MF100_r1,ERR7125498,NA,NA,S515,N715,NA,NA,Sample,Nextera,Nextera,NA
5,May_2021,ARMS_BelgiumCoast_AZBE1_20190924_20200303_MF100,2019,ARMS_VLIZ_ZBE1_20190924-20200303_MT100_A,first sequencing run,ARMS_BelgiumCoast_AZBE1_20190924_20200303_MF100_r1,NA,NA,ERR7125496,S515,N724,NA,NA,Sample,Nextera,Nextera,NA
5,May_2021,ARMS_BelgiumCoast_AZFPin_20180712_20180818_MF200_ETOH,2018,AZFP2(inside)_2,first sequencing run,ARMS_BelgiumCoast_AZFPin_20180712_20180818_MF200_ETOH_r1,ERR7125497,NA,NA,S508,N714,NA,NA,Sample,Nextera,Nextera,NA
5,May_2021,ARMS_BelgiumCoast_AZFPin_20180712_20180818_MF200_ETOH,2018,AZFP2(inside)_2,first sequencing run,ARMS_BelgiumCoast_AZFPin_20180712_20180818_MF200_ETOH_r1,NA,NA,ERR7125495,S508,N723,NA,NA,Sample,Nextera,Nextera,NA
5,May_2021,ARMS_Eilat_Katza1_20181024_20200706_MF100,2018,ARMS_Katza_1_181024-200607_100_1,first sequencing run,ARMS_Eilat_Katza1_20181024_20200706_MF100_r1,ERR7127623,NA,NA,S511,N711,NA,NA,Sample,Nextera,Nextera,NA
5,May_2021,ARMS_Eilat_Katza1_20181024_20200706_MF100,2018,ARMS_Katza_1_181024-200607_100_1,first sequencing run,ARMS_Eilat_Katza1_20181024_20200706_MF100_r1,NA,NA,ERR7127611,S511,N721,NA,NA,Sample,Nextera,Nextera,NA
5,May_2021,ARMS_Eilat_Katza1_20181024_20200706_MF500,2018,ARMS_Katza_1_181024-200607_500_1,first sequencing run,ARMS_Eilat_Katza1_20181024_20200706_MF500_r1,ERR7127624,NA,NA,S511,N712,NA,NA,Sample,Nextera,Nextera,NA
5,May_2021,ARMS_Eilat_Katza1_20181024_20200706_MF500,2018,ARMS_Katza_1_181024-200607_500_1,first sequencing run,ARMS_Eilat_Katza1_20181024_20200706_MF500_r1,NA,NA,ERR7127612,S511,N722,NA,NA,Sample,Nextera,Nextera,NA
5,May_2021,ARMS_Eilat_Katza1_20181024_20200706_SF45,2018,ARMS_Katza_1_181024-200607_45_1,first sequencing run,ARMS_Eilat_Katza1_20181024_20200706_SF45_r1,ERR7127625,NA,NA,S511,N714,NA,NA,Sample,Nextera,Nextera,NA
5,May_2021,ARMS_Eilat_Katza1_20181024_20200706_SF45,2018,ARMS_Katza_1_181024-200607_45_1,first sequencing run,ARMS_Eilat_Katza1_20181024_20200706_SF45_r1,NA,NA,ERR7127613,S511,N723,NA,NA,Sample,Nextera,Nextera,NA
5,May_2021,ARMS_Eilat_Katza2_20181024_20200803_MF100,2018,ARMS_Katza_2_181024-200803_100_2,first sequencing run,ARMS_Eilat_Katza2_20181024_20200803_MF100_r1,ERR7127626,NA,NA,S511,N715,NA,NA,Sample,Nextera,Nextera,NA
5,May_2021,ARMS_Eilat_Katza2_20181024_20200803_MF100,2018,ARMS_Katza_2_181024-200803_100_2,first sequencing run,ARMS_Eilat_Katza2_20181024_20200803_MF100_r1,NA,NA,ERR7127614,S511,N724,NA,NA,Sample,Nextera,Nextera,NA
5,May_2021,ARMS_Eilat_Katza2_20181024_20200803_MF500,2018,ARMS_Katza_2_181024-200803_500_2,first sequencing run,ARMS_Eilat_Katza2_20181024_20200803_MF500_r1,ERR7127627,NA,NA,S511,N716,NA,NA,Sample,Nextera,Nextera,NA
5,May_2021,ARMS_Eilat_Katza2_20181024_20200803_MF500,2018,ARMS_Katza_2_181024-200803_500_2,first sequencing run,ARMS_Eilat_Katza2_20181024_20200803_MF500_r1,NA,NA,ERR7127615,S511,N726,NA,NA,Sample,Nextera,Nextera,NA
5,May_2021,ARMS_Eilat_Katza2_20181024_20200803_SF45,2018,ARMS_Katza_2_181024-200803_45_2,first sequencing run,ARMS_Eilat_Katza2_20181024_20200803_SF45_r1,ERR7127628,NA,NA,S511,N718,NA,NA,Sample,Nextera,Nextera,NA
5,May_2021,ARMS_Eilat_Katza2_20181024_20200803_SF45,2018,ARMS_Katza_2_181024-200803_45_2,first sequencing run,ARMS_Eilat_Katza2_20181024_20200803_SF45_r1,NA,NA,ERR7127616,S511,N727,NA,NA,Sample,Nextera,Nextera,NA
5,May_2021,ARMS_Eilat_NR1_20181017_20200204_MF100,2018,ARMS_NR_1_181017-200204_100_1,first sequencing run,ARMS_Eilat_NR1_20181017_20200204_MF100_r1,ERR7127629,NA,NA,S510,N714,NA,NA,Sample,Nextera,Nextera,NA
5,May_2021,ARMS_Eilat_NR1_20181017_20200204_MF100,2018,ARMS_NR_1_181017-200204_100_1,first sequencing run,ARMS_Eilat_NR1_20181017_20200204_MF100_r1,NA,NA,ERR7127617,S510,N723,NA,NA,Sample,Nextera,Nextera,NA
5,May_2021,ARMS_Eilat_NR1_20181017_20200204_MF500,2018,ARMS_NR_1_181017-200204_500_1,first sequencing run,ARMS_Eilat_NR1_20181017_20200204_MF500_r1,ERR7127630,NA,NA,S510,N715,NA,NA,Sample,Nextera,Nextera,NA
5,May_2021,ARMS_Eilat_NR1_20181017_20200204_MF500,2018,ARMS_NR_1_181017-200204_500_1,first sequencing run,ARMS_Eilat_NR1_20181017_20200204_MF500_r1,NA,NA,ERR7127618,S510,N724,NA,NA,Sample,Nextera,Nextera,NA
5,May_2021,ARMS_Eilat_NR1_20181017_20200204_SF45,2018,ARMS_NR_1_181017-200204_45_1,first sequencing run,ARMS_Eilat_NR1_20181017_20200204_SF45_r1,ERR7127631,NA,NA,S510,N716,NA,NA,Sample,Nextera,Nextera,NA
5,May_2021,ARMS_Eilat_NR1_20181017_20200204_SF45,2018,ARMS_NR_1_181017-200204_45_1,first sequencing run,ARMS_Eilat_NR1_20181017_20200204_SF45_r1,NA,NA,ERR7127619,S510,N726,NA,NA,Sample,Nextera,Nextera,NA
5,May_2021,ARMS_Eilat_NR2_20181017_20200524_MF100,2018,ARMS_NR_2_181017-200524_100_2,first sequencing run,ARMS_Eilat_NR2_20181017_20200524_MF100_r1,ERR7127632,NA,NA,S510,N718,NA,NA,Sample,Nextera,Nextera,NA
5,May_2021,ARMS_Eilat_NR2_20181017_20200524_MF100,2018,ARMS_NR_2_181017-200524_100_2,first sequencing run,ARMS_Eilat_NR2_20181017_20200524_MF100_r1,NA,NA,ERR7127620,S510,N727,NA,NA,Sample,Nextera,Nextera,NA
5,May_2021,ARMS_Eilat_NR2_20181017_20200524_MF500,2018,ARMS_NR_2_181017-200524_500_2,first sequencing run,ARMS_Eilat_NR2_20181017_20200524_MF500_r1,ERR7127633,NA,NA,S511,N707,NA,NA,Sample,Nextera,Nextera,NA
5,May_2021,ARMS_Eilat_NR2_20181017_20200524_MF500,2018,ARMS_NR_2_181017-200524_500_2,first sequencing run,ARMS_Eilat_NR2_20181017_20200524_MF500_r1,NA,NA,ERR7127621,S511,N719,NA,NA,Sample,Nextera,Nextera,NA
5,May_2021,ARMS_Eilat_NR2_20181017_20200524_SF45,2018,ARMS_NR_2_181017-200524_45_2,first sequencing run,ARMS_Eilat_NR2_20181017_20200524_SF45_r1,ERR7127634,NA,NA,S511,N710,NA,NA,Sample,Nextera,Nextera,NA
5,May_2021,ARMS_Eilat_NR2_20181017_20200524_SF45,2018,ARMS_NR_2_181017-200524_45_2,first sequencing run,ARMS_Eilat_NR2_20181017_20200524_SF45_r1,NA,NA,ERR7127622,S511,N720,NA,NA,Sample,Nextera,Nextera,NA
5,May_2021,ARMS_Getxo_G1_20190624_20191016_MF100,2019,Getxo-G1-MF100-A-DMSO,first sequencing run,ARMS_Getxo_G1_20190624_20191016_MF100_r1,ERR7127704,NA,NA,S513,N714,NA,NA,Sample,Nextera,Nextera,NA
5,May_2021,ARMS_Getxo_G1_20190624_20191016_MF100,2019,Getxo-G1-MF100-A-DMSO,first sequencing run,ARMS_Getxo_G1_20190624_20191016_MF100_r1,NA,NA,ERR7127693,S513,N723,NA,NA,Sample,Nextera,Nextera,NA
5,May_2021,ARMS_Getxo_G1_20190624_20191016_MF500,2019,Getxo-G1-MF500-A-DMSO,first sequencing run,ARMS_Getxo_G1_20190624_20191016_MF500_r1,ERR7127705,NA,NA,S513,N715,NA,NA,Sample,Nextera,Nextera,NA
5,May_2021,ARMS_Getxo_G1_20190624_20191016_MF500,2019,Getxo-G1-MF500-A-DMSO,first sequencing run,ARMS_Getxo_G1_20190624_20191016_MF500_r1,NA,NA,ERR7127694,S513,N724,NA,NA,Sample,Nextera,Nextera,NA
5,May_2021,ARMS_Getxo_G1_20190624_20191016_SF40,2019,Getxo-G1-SF40-A-DMSO,first sequencing run,ARMS_Getxo_G1_20190624_20191016_SF40_r1,ERR7127706,NA,NA,S513,N712,NA,NA,Sample,Nextera,Nextera,NA
5,May_2021,ARMS_Getxo_G1_20190624_20191016_SF40,2019,Getxo-G1-SF40-A-DMSO,first sequencing run,ARMS_Getxo_G1_20190624_20191016_SF40_r1,NA,NA,ERR7127695,S513,N722,NA,NA,Sample,Nextera,Nextera,NA
5,May_2021,ARMS_Getxo_G2_20190624_20191016_MF500,2019,Getxo-G2-MF500-A-DMSO,first sequencing run,ARMS_Getxo_G2_20190624_20191016_MF500_r1,ERR7127707,NA,NA,S513,N718,NA,NA,Sample,Nextera,Nextera,NA
5,May_2021,ARMS_Getxo_G2_20190624_20191016_MF500,2019,Getxo-G2-MF500-A-DMSO,first sequencing run,ARMS_Getxo_G2_20190624_20191016_MF500_r1,NA,NA,ERR7127696,S513,N727,NA,NA,Sample,Nextera,Nextera,NA
5,May_2021,ARMS_Getxo_G3_20190624_20191016_MF100,2019,Getxo-G3-MF100-A-DMSO,first sequencing run,ARMS_Getxo_G3_20190624_20191016_MF100_r1,ERR7127709,NA,NA,S515,N710,NA,NA,Sample,Nextera,Nextera,NA
5,May_2021,ARMS_Getxo_G3_20190624_20191016_MF100,2019,Getxo-G3-MF100-A-DMSO,first sequencing run,ARMS_Getxo_G3_20190624_20191016_MF100_r1,NA,NA,ERR7127698,S515,N720,NA,NA,Sample,Nextera,Nextera,NA
5,May_2021,ARMS_Getxo_G3_20190624_20191016_MF500,2019,Getxo-G3-MF500-A-DMSO,first sequencing run,ARMS_Getxo_G3_20190624_20191016_MF500_r1,ERR7127710,NA,NA,S515,N711,NA,NA,Sample,Nextera,Nextera,NA
5,May_2021,ARMS_Getxo_G3_20190624_20191016_MF500,2019,Getxo-G3-MF500-A-DMSO,first sequencing run,ARMS_Getxo_G3_20190624_20191016_MF500_r1,NA,NA,ERR7127699,S515,N721,NA,NA,Sample,Nextera,Nextera,NA
5,May_2021,ARMS_Getxo_G3_20190624_20191016_SF40,2019,Getxo-G3-SF40-A-DMSO,first sequencing run,ARMS_Getxo_G3_20190624_20191016_SF40_r1,ERR7127711,NA,NA,S515,N707,NA,NA,Sample,Nextera,Nextera,NA
5,May_2021,ARMS_Getxo_G3_20190624_20191016_SF40,2019,Getxo-G3-SF40-A-DMSO,first sequencing run,ARMS_Getxo_G3_20190624_20191016_SF40_r1,NA,NA,ERR7127700,S515,N719,NA,NA,Sample,Nextera,Nextera,NA
5,May_2021,ARMS_GulfOfPiran_Fornace_20180815_20181118_MF100_DMSO,2018,DESS MOB2,first sequencing run,ARMS_GulfOfPiran_Fornace_20180815_20181118_MF100_DMSO_r1,ERR7127578,NA,NA,S508,N715,NA,NA,Sample,Nextera,Nextera,NA
5,May_2021,ARMS_GulfOfPiran_Fornace_20180815_20181118_MF100_DMSO,2018,DESS MOB2,first sequencing run,ARMS_GulfOfPiran_Fornace_20180815_20181118_MF100_DMSO_r1,NA,NA,ERR7127574,S508,N724,NA,NA,Sample,Nextera,Nextera,NA
5,May_2021,ARMS_GulfOfPiran_Fornace_20180815_20181118_MF100_ETOH,2018,etOH MOB2,first sequencing run,ARMS_GulfOfPiran_Fornace_20180815_20181118_MF100_ETOH_r1,ERR7127579,NA,NA,S510,N710,NA,NA,Sample,Nextera,Nextera,NA
5,May_2021,ARMS_GulfOfPiran_Fornace_20180815_20181118_MF100_ETOH,2018,etOH MOB2,first sequencing run,ARMS_GulfOfPiran_Fornace_20180815_20181118_MF100_ETOH_r1,NA,NA,ERR7127575,S510,N720,NA,NA,Sample,Nextera,Nextera,NA
5,May_2021,ARMS_GulfOfPiran_Fornace_20180815_20181118_SF_DMSO,2018,DESS SES,first sequencing run,ARMS_GulfOfPiran_Fornace_20180815_20181118_SF_DMSO_r1,ERR7127580,NA,NA,S510,N711,NA,NA,Sample,Nextera,Nextera,NA
5,May_2021,ARMS_GulfOfPiran_Fornace_20180815_20181118_SF_DMSO,2018,DESS SES,first sequencing run,ARMS_GulfOfPiran_Fornace_20180815_20181118_SF_DMSO_r1,NA,NA,ERR7127576,S510,N721,NA,NA,Sample,Nextera,Nextera,NA
5,May_2021,ARMS_GulfOfPiran_Fornace_20180815_20181118_SF_ETOH,2018,etOH SES,first sequencing run,ARMS_GulfOfPiran_Fornace_20180815_20181118_SF_ETOH_r1,ERR7127581,NA,NA,S510,N712,NA,NA,Sample,Nextera,Nextera,NA
5,May_2021,ARMS_GulfOfPiran_Fornace_20180815_20181118_SF_ETOH,2018,etOH SES,first sequencing run,ARMS_GulfOfPiran_Fornace_20180815_20181118_SF_ETOH_r1,NA,NA,ERR7127577 ,S510,N722,NA,NA,Sample,Nextera,Nextera,NA
5,May_2021,ARMS_Koster_VH3_20180418_20190527_SF40_DMSO,2018,2018_Koster_VH3-SF40-DMSO,first sequencing run,ARMS_Koster_VH3_20180418_20190527_SF40_DMSO_r1,ERR7127610,NA,NA,S505,N707,NA,NA,Sample,Nextera,Nextera,NA
5,May_2021,ARMS_Koster_VH3_20180418_20190527_SF40_DMSO,2018,2018_Koster_VH3-SF40-DMSO,first sequencing run,ARMS_Koster_VH3_20180418_20190527_SF40_DMSO_r1,NA,NA,ERR7127609,S505,N719,NA,NA,Sample,Nextera,Nextera,NA
5,May_2021,ARMS_Laeso_Laeso2_20190819_20200811_MF500,2019,ARMS_Laesoe2_190819-200811_MF500_A,first sequencing run,ARMS_Laeso_Laeso2_20190819_20200811_MF500_r1,ERR7127607,NA,NA,S515,N714,NA,NA,Sample,Nextera,Nextera,NA
5,May_2021,ARMS_Laeso_Laeso2_20190819_20200811_MF500,2019,ARMS_Laesoe2_190819-200811_MF500_A,first sequencing run,ARMS_Laeso_Laeso2_20190819_20200811_MF500_r1,NA,NA,ERR7127606,S515,N723,NA,NA,Sample,Nextera,Nextera,NA
5,May_2021,ARMS_Plymouth_MBA1_20180701_20181001_MF100_DMSO,2018,MBA_ARMS1-MF100-DMSO,first sequencing run,ARMS_Plymouth_MBA1_20180701_20181001_MF100_DMSO_r1,ERR7125591,NA,NA,S505,N718,NA,NA,Sample,Nextera,Nextera,NA
5,May_2021,ARMS_Plymouth_MBA1_20180701_20181001_MF100_DMSO,2018,MBA_ARMS1-MF100-DMSO,first sequencing run,ARMS_Plymouth_MBA1_20180701_20181001_MF100_DMSO_r1,NA,NA,ERR7125583,S505,N727,NA,NA,Sample,Nextera,Nextera,NA
5,May_2021,ARMS_Plymouth_MBA1_20180701_20181001_MF100_ETOH,2018,MBA_ARMS1-MF100-ETOH,first sequencing run,ARMS_Plymouth_MBA1_20180701_20181001_MF100_ETOH_r1,ERR7125592,NA,NA,S505,N715,NA,NA,Sample,Nextera,Nextera,NA
5,May_2021,ARMS_Plymouth_MBA1_20180701_20181001_MF100_ETOH,2018,MBA_ARMS1-MF100-ETOH,first sequencing run,ARMS_Plymouth_MBA1_20180701_20181001_MF100_ETOH_r1,NA,NA,ERR7125584,S505,N724,NA,NA,Sample,Nextera,Nextera,NA
5,May_2021,ARMS_Plymouth_MBA1_20180701_20181001_MF500_DMSO,2018,MBA_ARMS1-MF500-DMSO,first sequencing run,ARMS_Plymouth_MBA1_20180701_20181001_MF500_DMSO_r1,ERR7125593,NA,NA,S506,N707,NA,NA,Sample,Nextera,Nextera,NA
5,May_2021,ARMS_Plymouth_MBA1_20180701_20181001_MF500_DMSO,2018,MBA_ARMS1-MF500-DMSO,first sequencing run,ARMS_Plymouth_MBA1_20180701_20181001_MF500_DMSO_r1,NA,NA,ERR7125585,S506,N719,NA,NA,Sample,Nextera,Nextera,NA
5,May_2021,ARMS_Plymouth_MBA1_20180701_20181001_MF500_ETOH,2018,MBA_ARMS1-MF500-ETOH,first sequencing run,ARMS_Plymouth_MBA1_20180701_20181001_MF500_ETOH_r1,ERR7125594,NA,NA,S506,N711,NA,NA,Sample,Nextera,Nextera,NA
5,May_2021,ARMS_Plymouth_MBA1_20180701_20181001_MF500_ETOH,2018,MBA_ARMS1-MF500-ETOH,first sequencing run,ARMS_Plymouth_MBA1_20180701_20181001_MF500_ETOH_r1,NA,NA,ERR7125586,S506,N721,NA,NA,Sample,Nextera,Nextera,NA
5,May_2021,ARMS_Plymouth_MBA1_20180701_20181001_SF40_DMSO,2018,MBA_ARMS1-SF-DMSO,first sequencing run,ARMS_Plymouth_MBA1_20180701_20181001_SF40_DMSO_r1,ERR7125595,NA,NA,S506,N710,NA,NA,Sample,Nextera,Nextera,NA
5,May_2021,ARMS_Plymouth_MBA1_20180701_20181001_SF40_DMSO,2018,MBA_ARMS1-SF-DMSO,first sequencing run,ARMS_Plymouth_MBA1_20180701_20181001_SF40_DMSO_r1,NA,NA,ERR7125587,S506,N720,NA,NA,Sample,Nextera,Nextera,NA
5,May_2021,ARMS_Plymouth_MBA1_20180701_20181001_SF40_ETOH,2018,MBA_ARMS1-SF-ETOH,first sequencing run,ARMS_Plymouth_MBA1_20180701_20181001_SF40_ETOH_r1,ERR7125596,NA,NA,S505,N716,NA,NA,Sample,Nextera,Nextera,NA
5,May_2021,ARMS_Plymouth_MBA1_20180701_20181001_SF40_ETOH,2018,MBA_ARMS1-SF-ETOH,first sequencing run,ARMS_Plymouth_MBA1_20180701_20181001_SF40_ETOH_r1,NA,NA,ERR7125588,S505,N726,NA,NA,Sample,Nextera,Nextera,NA
5,May_2021,ARMS_Plymouth_MBA2_20180701_20181001_SF40_DMSO,2018,MBA_ARMS2-SF-DMSO,first sequencing run,ARMS_Plymouth_MBA2_20180701_20181001_SF40_DMSO_r1,ERR7125597,NA,NA,S505,N712,NA,NA,Sample,Nextera,Nextera,NA
5,May_2021,ARMS_Plymouth_MBA2_20180701_20181001_SF40_DMSO,2018,MBA_ARMS2-SF-DMSO,first sequencing run,ARMS_Plymouth_MBA2_20180701_20181001_SF40_DMSO_r1,NA,NA,ERR7125589,S505,N722,NA,NA,Sample,Nextera,Nextera,NA
5,May_2021,ARMS_Plymouth_MBA2_20180701_20181001_SF40_ETOH,2018,MBA_ARMS2-SF-ETOH,first sequencing run,ARMS_Plymouth_MBA2_20180701_20181001_SF40_ETOH_r1,ERR7125598,NA,NA,S505,N714,NA,NA,Sample,Nextera,Nextera,NA
5,May_2021,ARMS_Plymouth_MBA2_20180701_20181001_SF40_ETOH,2018,MBA_ARMS2-SF-ETOH,first sequencing run,ARMS_Plymouth_MBA2_20180701_20181001_SF40_ETOH_r1,NA,NA,ERR7125590,S505,N723,NA,NA,Sample,Nextera,Nextera,NA
5,May_2021,ARMS_Roscoff_BasBloS1_20180711_20181025_MF100_DMSO,2018,BasBlo_2018-MF100-DMSO_1,first sequencing run,ARMS_Roscoff_BasBloS1_20180711_20181025_MF100_DMSO_r1,ERR7125631,NA,NA,S507,N715,NA,NA,Sample,Nextera,Nextera,NA
5,May_2021,ARMS_Roscoff_BasBloS1_20180711_20181025_MF100_DMSO,2018,BasBlo_2018-MF100-DMSO_1,first sequencing run,ARMS_Roscoff_BasBloS1_20180711_20181025_MF100_DMSO_r1,NA,NA,ERR7125618,S507,N724,NA,NA,Sample,Nextera,Nextera,NA
5,May_2021,ARMS_Roscoff_BasBloS1_20180711_20181025_MF500_DMSO,2018,BasBlo_2018-MF500-DMSO_1,first sequencing run,ARMS_Roscoff_BasBloS1_20180711_20181025_MF500_DMSO_r1,ERR7125632,NA,NA,S507,N714,NA,NA,Sample,Nextera,Nextera,NA
5,May_2021,ARMS_Roscoff_BasBloS1_20180711_20181025_MF500_DMSO,2018,BasBlo_2018-MF500-DMSO_1,first sequencing run,ARMS_Roscoff_BasBloS1_20180711_20181025_MF500_DMSO_r1,NA,NA,ERR7125619,S507,N723,NA,NA,Sample,Nextera,Nextera,NA
5,May_2021,ARMS_Roscoff_BasBloS1_20180711_20181025_SF40_DMSO_B,2018,BasBlo_2018-SF-DMSO_2,first sequencing run,ARMS_Roscoff_BasBloS1_20180711_20181025_SF40_DMSO_B_r1,ERR7125633,NA,NA,S507,N718,NA,NA,Sample,Nextera,Nextera,NA
5,May_2021,ARMS_Roscoff_BasBloS1_20180711_20181025_SF40_DMSO_B,2018,BasBlo_2018-SF-DMSO_2,first sequencing run,ARMS_Roscoff_BasBloS1_20180711_20181025_SF40_DMSO_B_r1,NA,NA,ERR7125620,S507,N727,NA,NA,Sample,Nextera,Nextera,NA
5,May_2021,ARMS_Roscoff_BasBloS1_20180711_20181025_SF40_ETOH_B,2018,BasBlo_2018-SF-ETOH_2,first sequencing run,ARMS_Roscoff_BasBloS1_20180711_20181025_SF40_ETOH_B_r1,ERR7125634,NA,NA,S507,N716,NA,NA,Sample,Nextera,Nextera,NA
5,May_2021,ARMS_Roscoff_BasBloS1_20180711_20181025_SF40_ETOH_B,2018,BasBlo_2018-SF-ETOH_2,first sequencing run,ARMS_Roscoff_BasBloS1_20180711_20181025_SF40_ETOH_B_r1,NA,NA,ERR7125621,S507,N726,NA,NA,Sample,Nextera,Nextera,NA
5,May_2021,ARMS_Roscoff_BasBloS1_20190612_20200527_MF100,2019,ARMS_BasBlo_S1_190612-200527_MF100,first sequencing run,ARMS_Roscoff_BasBloS1_20190612_20200527_MF100_r1,ERR7125635,NA,NA,S513,N707,NA,NA,Sample,Nextera,Nextera,NA
5,May_2021,ARMS_Roscoff_BasBloS1_20190612_20200527_MF100,2019,ARMS_BasBlo_S1_190612-200527_MF100,first sequencing run,ARMS_Roscoff_BasBloS1_20190612_20200527_MF100_r1,NA,NA,ERR7125622,S513,N719,NA,NA,Sample,Nextera,Nextera,NA
5,May_2021,ARMS_Roscoff_BasBloS1_20190612_20200527_MF500,2019,ARMS_BasBlo_S1_190612-200527_MF500,first sequencing run,ARMS_Roscoff_BasBloS1_20190612_20200527_MF500_r1,ERR7125636,NA,NA,S513,N710,NA,NA,Sample,Nextera,Nextera,NA
5,May_2021,ARMS_Roscoff_BasBloS1_20190612_20200527_MF500,2019,ARMS_BasBlo_S1_190612-200527_MF500,first sequencing run,ARMS_Roscoff_BasBloS1_20190612_20200527_MF500_r1,NA,NA,ERR7125623,S513,N720,NA,NA,Sample,Nextera,Nextera,NA
5,May_2021,ARMS_Roscoff_BasBloS2_20190612_20200528_SF40,2019,ARMS_BasBlo_S2_190612-200528_SF40,first sequencing run,ARMS_Roscoff_BasBloS2_20190612_20200528_SF40_r1,ERR7125637,NA,NA,S513,N711,NA,NA,Sample,Nextera,Nextera,NA
5,May_2021,ARMS_Roscoff_BasBloS2_20190612_20200528_SF40,2019,ARMS_BasBlo_S2_190612-200528_SF40,first sequencing run,ARMS_Roscoff_BasBloS2_20190612_20200528_SF40_r1,NA,NA,ERR7125624,S513,N721,NA,NA,Sample,Nextera,Nextera,NA
5,May_2021,ARMS_Roscoff_MarBloR1_20180709_20181024_MF100_DMSO,2018,MarBlo_2018-MF100-DMSO_1,first sequencing run,ARMS_Roscoff_MarBloR1_20180709_20181024_MF100_DMSO_r1,ERR7125638,NA,NA,S506,N718,NA,NA,Sample,Nextera,Nextera,NA
5,May_2021,ARMS_Roscoff_MarBloR1_20180709_20181024_MF100_DMSO,2018,MarBlo_2018-MF100-DMSO_1,first sequencing run,ARMS_Roscoff_MarBloR1_20180709_20181024_MF100_DMSO_r1,NA,NA,ERR7125625,S506,N727,NA,NA,Sample,Nextera,Nextera,NA
5,May_2021,ARMS_Roscoff_MarBloR1_20180709_20181024_MF100_ETOH,2018,MarBlo_2018-MF100-ETOH_1,first sequencing run,ARMS_Roscoff_MarBloR1_20180709_20181024_MF100_ETOH_r1,ERR7125639,NA,NA,S507,N710,NA,NA,Sample,Nextera,Nextera,NA
5,May_2021,ARMS_Roscoff_MarBloR1_20180709_20181024_MF100_ETOH,2018,MarBlo_2018-MF100-ETOH_1,first sequencing run,ARMS_Roscoff_MarBloR1_20180709_20181024_MF100_ETOH_r1,NA,NA,ERR7125626,S507,N720,NA,NA,Sample,Nextera,Nextera,NA
5,May_2021,ARMS_Roscoff_MarBloR1_20180709_20181024_MF500_DMSO,2018,MarBlo_2018-MF500-DMSO_1,first sequencing run,ARMS_Roscoff_MarBloR1_20180709_20181024_MF500_DMSO_r1,ERR7125640,NA,NA,S506,N716,NA,NA,Sample,Nextera,Nextera,NA
5,May_2021,ARMS_Roscoff_MarBloR1_20180709_20181024_MF500_DMSO,2018,MarBlo_2018-MF500-DMSO_1,first sequencing run,ARMS_Roscoff_MarBloR1_20180709_20181024_MF500_DMSO_r1,NA,NA,ERR7125627,S506,N726,NA,NA,Sample,Nextera,Nextera,NA
5,May_2021,ARMS_Roscoff_MarBloR1_20180709_20181024_MF500_ETOH,2018,MarBlo_2018-MF500-ETOH_1,first sequencing run,ARMS_Roscoff_MarBloR1_20180709_20181024_MF500_ETOH_r1,ERR7125641,NA,NA,S507,N707,NA,NA,Sample,Nextera,Nextera,NA
5,May_2021,ARMS_Roscoff_MarBloR1_20180709_20181024_MF500_ETOH,2018,MarBlo_2018-MF500-ETOH_1,first sequencing run,ARMS_Roscoff_MarBloR1_20180709_20181024_MF500_ETOH_r1,NA,NA,ERR7125628,S507,N719,NA,NA,Sample,Nextera,Nextera,NA
5,May_2021,ARMS_Roscoff_MarBloR1_20180709_20181024_SF40_DMSO,2018,Marblo_2018-SF-DMSO,first sequencing run,ARMS_Roscoff_MarBloR1_20180709_20181024_SF40_DMSO_r1,ERR7125642,NA,NA,S507,N712,NA,NA,Sample,Nextera,Nextera,NA
5,May_2021,ARMS_Roscoff_MarBloR1_20180709_20181024_SF40_DMSO,2018,Marblo_2018-SF-DMSO,first sequencing run,ARMS_Roscoff_MarBloR1_20180709_20181024_SF40_DMSO_r1,NA,NA,ERR7125629,S507,N722,NA,NA,Sample,Nextera,Nextera,NA
5,May_2021,ARMS_Roscoff_MarBloR1_20180709_20181024_SF40_ETOH,2018,Marblo_2018-SF-ETOH_1,first sequencing run,ARMS_Roscoff_MarBloR1_20180709_20181024_SF40_ETOH_r1,ERR7125643,NA,NA,S507,N711,NA,NA,Sample,Nextera,Nextera,NA
5,May_2021,ARMS_Roscoff_MarBloR1_20180709_20181024_SF40_ETOH,2018,Marblo_2018-SF-ETOH_1,first sequencing run,ARMS_Roscoff_MarBloR1_20180709_20181024_SF40_ETOH_r1,NA,NA,ERR7125630,S507,N721,NA,NA,Sample,Nextera,Nextera,NA
5,May_2021,ARMS_Svalbard_S1_20180706_20190806_MF100_ETOH,2018,2019-Svalbard-S1-MF100-EtOH,first sequencing run,ARMS_Svalbard_S1_20180706_20190806_MF100_ETOH_r1,ERR7127659,NA,NA,S506,N712,NA,NA,Sample,Nextera,Nextera,NA
5,May_2021,ARMS_Svalbard_S1_20180706_20190806_MF100_ETOH,2018,2019-Svalbard-S1-MF100-EtOH,first sequencing run,ARMS_Svalbard_S1_20180706_20190806_MF100_ETOH_r1,NA,NA,ERR7127653 ,S506,N722,NA,NA,Sample,Nextera,Nextera,NA
5,May_2021,ARMS_Svalbard_S1_20190806_20200804_SF40,2019,ARMS_Svalbard_S1_190806-200804_SF40,first sequencing run,ARMS_Svalbard_S1_20190806_20200804_SF40_r1,ERR7127660,NA,NA,S510,N707,NA,NA,Sample,Nextera,Nextera,NA
5,May_2021,ARMS_Svalbard_S1_20190806_20200804_SF40,2019,ARMS_Svalbard_S1_190806-200804_SF40,first sequencing run,ARMS_Svalbard_S1_20190806_20200804_SF40_r1,NA,NA,ERR7127654,S510,N719,NA,NA,Sample,Nextera,Nextera,NA
5,May_2021,ARMS_Svalbard_S2_20180708_20190805_MF500_ETOH,2018,2019-Svalbard-S2-MF500-EtOH,first sequencing run,ARMS_Svalbard_S2_20180708_20190805_MF500_ETOH_r1,ERR7127661,NA,NA,S506,N714,NA,NA,Sample,Nextera,Nextera,NA
5,May_2021,ARMS_Svalbard_S2_20180708_20190805_MF500_ETOH,2018,2019-Svalbard-S2-MF500-EtOH,first sequencing run,ARMS_Svalbard_S2_20180708_20190805_MF500_ETOH_r1,NA,NA,ERR7127655,S506,N723,NA,NA,Sample,Nextera,Nextera,NA
5,May_2021,ARMS_Svalbard_S2_20180708_20190805_SF40_ETOH,2018,2019-Svalbard-S2-SF-EtOH,first sequencing run,ARMS_Svalbard_S2_20180708_20190805_SF40_ETOH_r1,ERR7127662,NA,NA,S506,N715,NA,NA,Sample,Nextera,Nextera,NA
5,May_2021,ARMS_Svalbard_S2_20180708_20190805_SF40_ETOH,2018,2019-Svalbard-S2-SF-EtOH,first sequencing run,ARMS_Svalbard_S2_20180708_20190805_SF40_ETOH_r1,NA,NA,ERR7127656,S506,N724,NA,NA,Sample,Nextera,Nextera,NA
5,May_2021,ARMS_Svalbard_S2_20190805_20200801_MF100,2019,ARMS_Svalbard_S2_190805-200801_SF100,first sequencing run,ARMS_Svalbard_S2_20190805_20200801_MF100_r1,ERR7127663,NA,NA,S508,N716,NA,NA,Sample,Nextera,Nextera,NA
5,May_2021,ARMS_Svalbard_S2_20190805_20200801_MF100,2019,ARMS_Svalbard_S2_190805-200801_SF100,first sequencing run,ARMS_Svalbard_S2_20190805_20200801_MF100_r1,NA,NA,ERR7127657,S508,N726,NA,NA,Sample,Nextera,Nextera,NA
5,May_2021,ARMS_Svalbard_S2_20190805_20200801_MF500,2019,ARMS_Svalbard_S2_190805-200801_SF500,first sequencing run,ARMS_Svalbard_S2_20190805_20200801_MF500_r1,ERR7127664,NA,NA,S508,N718,NA,NA,Sample,Nextera,Nextera,NA
5,May_2021,ARMS_Svalbard_S2_20190805_20200801_MF500,2019,ARMS_Svalbard_S2_190805-200801_SF500,first sequencing run,ARMS_Svalbard_S2_20190805_20200801_MF500_r1,NA,NA,ERR7127658,S508,N727,NA,NA,Sample,Nextera,Nextera,NA
5,May_2021,ARMS_TZS_Angbat_20180711_20181106_MF100_ETOH,2018,ANG-MF100-ETOH (2-3),first sequencing run,ARMS_TZS_Angbat_20180711_20181106_MF100_ETOH_r1,ERR7125522,NA,NA,S508,N711,NA,NA,Sample,Nextera,Nextera,NA
5,May_2021,ARMS_TZS_Angbat_20180711_20181106_MF100_ETOH,2018,ANG-MF100-ETOH (2-3),first sequencing run,ARMS_TZS_Angbat_20180711_20181106_MF100_ETOH_r1,NA,NA,ERR7125518,S508,N721,NA,NA,Sample,Nextera,Nextera,NA
5,May_2021,ARMS_TZS_Angbat_20180711_20181106_SF48_ETOH,2018,ANG-PSF-ETOH (8-10),first sequencing run,ARMS_TZS_Angbat_20180711_20181106_SF48_ETOH_r1,ERR7125523,NA,NA,S508,N712,NA,NA,Sample,Nextera,Nextera,NA
5,May_2021,ARMS_TZS_Angbat_20180711_20181106_SF48_ETOH,2018,ANG-PSF-ETOH (8-10),first sequencing run,ARMS_TZS_Angbat_20180711_20181106_SF48_ETOH_r1,NA,NA,ERR7125519,S508,N722,NA,NA,Sample,Nextera,Nextera,NA
5,May_2021,ARMS_TZS_Spikarna_20180711_20181107_MF100_ETOH,2018,SPI-MF100-ETOH (37),first sequencing run,ARMS_TZS_Spikarna_20180711_20181107_MF100_ETOH_r1,ERR7125524,NA,NA,S508,N707,NA,NA,Sample,Nextera,Nextera,NA
5,May_2021,ARMS_TZS_Spikarna_20180711_20181107_MF100_ETOH,2018,SPI-MF100-ETOH (37),first sequencing run,ARMS_TZS_Spikarna_20180711_20181107_MF100_ETOH_r1,NA,NA,ERR7125520,S508,N719,NA,NA,Sample,Nextera,Nextera,NA
5,May_2021,ARMS_TZS_Spikarna_20180711_20181107_SF48_ETOH,2018,SPI-PSF-ETOH (104-106),first sequencing run,ARMS_TZS_Spikarna_20180711_20181107_SF48_ETOH_r1,ERR7125525,NA,NA,S508,N710,NA,NA,Sample,Nextera,Nextera,NA
5,May_2021,ARMS_TZS_Spikarna_20180711_20181107_SF48_ETOH,2018,SPI-PSF-ETOH (104-106),first sequencing run,ARMS_TZS_Spikarna_20180711_20181107_SF48_ETOH_r1,NA,NA,ERR7125521,S508,N720,NA,NA,Sample,Nextera,Nextera,NA
5,May_2021,ARMS_Vigo_TorallaA_20180607_20180924_MF100_ETOH,2018,JT1-MF100-ETOH,first sequencing run,ARMS_Vigo_TorallaA_20180607_20180924_MF100_ETOH_r1,ERR7127712,NA,NA,S505,N710,NA,NA,Sample,Nextera,Nextera,NA
5,May_2021,ARMS_Vigo_TorallaA_20180607_20180924_MF100_ETOH,2018,JT1-MF100-ETOH,first sequencing run,ARMS_Vigo_TorallaA_20180607_20180924_MF100_ETOH_r1,NA,NA,ERR7127701,S505,N720,NA,NA,Sample,Nextera,Nextera,NA
5,May_2021,ARMS_Vigo_TorallaA_20180607_20180924_MF500_ETOH,2018,JT1-MF500-ETOH,first sequencing run,ARMS_Vigo_TorallaA_20180607_20180924_MF500_ETOH_r1,ERR7127713,NA,NA,S505,N711,NA,NA,Sample,Nextera,Nextera,NA
5,May_2021,ARMS_Vigo_TorallaA_20180607_20180924_MF500_ETOH,2018,JT1-MF500-ETOH,first sequencing run,ARMS_Vigo_TorallaA_20180607_20180924_MF500_ETOH_r1,NA,NA,ERR7127702,S505,N721,NA,NA,Sample,Nextera,Nextera,NA
5,May_2021,ARMS_Vigo_TorallaB_20190625_20191014_SF40,2019,JTBL_B-SF40,first sequencing run,ARMS_Vigo_TorallaB_20190625_20191014_SF40_r1,ERR7127714,NA,NA,S515,N712,NA,NA,Sample,Nextera,Nextera,NA
5,May_2021,ARMS_Vigo_TorallaB_20190625_20191014_SF40,2019,JTBL_B-SF40,first sequencing run,ARMS_Vigo_TorallaB_20190625_20191014_SF40_r1,NA,NA,ERR7127703,S515,N722,NA,NA,Sample,Nextera,Nextera,NA
5,May_2021,Blank,NA,NA,NA,NA,ERR7125582,NA,NA,S515,N716,NA,NA,Blank,Nextera,Nextera,NA
5,May_2021,Blank,NA,NA,NA,NA,NA,NA,ERR7125581,S515,N726,NA,NA,Blank,Nextera,Nextera,NA
6,January_2022,ARMS_Bodo_GStraB_20190621_20201207_MF100,2019,ARMS_Bodo_GStraB_190621-201207_MF100,first sequencing run,ARMS_Bodo_GStraB_20190621_20201207_MF100_r1,ERR9632090,NA,NA,S518,N715,NA,NA,Sample,Nextera,Nextera,NA
6,January_2022,ARMS_Bodo_GStraB_20190621_20201207_MF100,2019,ARMS_Bodo_GStraB_190621-201207_MF100,first sequencing run,ARMS_Bodo_GStraB_20190621_20201207_MF100_r1,NA,NA,ERR9632075,S520,N715,NA,NA,Sample,Nextera,Nextera,NA
6,January_2022,ARMS_Bodo_GStraB_20190621_20201207_MF500,2019,ARMS_Bodo_GStraB_190621-201207_MF500,first sequencing run,ARMS_Bodo_GStraB_20190621_20201207_MF500_r1,ERR9632091,NA,NA,S518,N716,NA,NA,Sample,Nextera,Nextera,NA
6,January_2022,ARMS_Bodo_GStraB_20190621_20201207_MF500,2019,ARMS_Bodo_GStraB_190621-201207_MF500,first sequencing run,ARMS_Bodo_GStraB_20190621_20201207_MF500_r1,NA,NA,ERR9632076,S520,N716,NA,NA,Sample,Nextera,Nextera,NA
6,January_2022,ARMS_Bodo_GStraB_20190621_20201207_SF50_A,2019,ARMS_Bodo_GStraB_190621-201207_SF50_Á,first sequencing run,ARMS_Bodo_GStraB_20190621_20201207_SF50_A_r1,ERR9632089,NA,NA,S518,N714,NA,NA,Sample,Nextera,Nextera,NA
6,January_2022,ARMS_Bodo_GStraB_20190621_20201207_SF50_A,2019,ARMS_Bodo_GStraB_190621-201207_SF50_Á,first sequencing run,ARMS_Bodo_GStraB_20190621_20201207_SF50_A_r1,NA,NA,ERR9632074,S520,N714,NA,NA,Sample,Nextera,Nextera,NA
6,January_2022,ARMS_Bodo_GStraM_20190621_20201207_MF100,2019,ARMS_Bodo_GStraM_190621-201207_MF100,first sequencing run,ARMS_Bodo_GStraM_20190621_20201207_MF100_r1,ERR9632093,NA,NA,S518,N719,NA,NA,Sample,Nextera,Nextera,NA
6,January_2022,ARMS_Bodo_GStraM_20190621_20201207_MF100,2019,ARMS_Bodo_GStraM_190621-201207_MF100,first sequencing run,ARMS_Bodo_GStraM_20190621_20201207_MF100_r1,NA,NA,ERR9632078,S520,N719,NA,NA,Sample,Nextera,Nextera,NA
6,January_2022,ARMS_Bodo_GStraM_20190621_20201207_MF500,2019,ARMS_Bodo_GStraM_190621-201207_MF500,first sequencing run,ARMS_Bodo_GStraM_20190621_20201207_MF500_r1,ERR9632094,NA,NA,S518,N720,NA,NA,Sample,Nextera,Nextera,NA
6,January_2022,ARMS_Bodo_GStraM_20190621_20201207_MF500,2019,ARMS_Bodo_GStraM_190621-201207_MF500,first sequencing run,ARMS_Bodo_GStraM_20190621_20201207_MF500_r1,NA,NA,ERR9632079,S520,N720,NA,NA,Sample,Nextera,Nextera,NA
6,January_2022,ARMS_Bodo_GStraM_20190621_20201207_SF50_A,2019,ARMS_Bodo_GStraM_190621-201207_SF50_Á,first sequencing run,ARMS_Bodo_GStraM_20190621_20201207_SF50_A_r1,ERR9632092,NA,NA,S518,N718,NA,NA,Sample,Nextera,Nextera,NA
6,January_2022,ARMS_Bodo_GStraM_20190621_20201207_SF50_A,2019,ARMS_Bodo_GStraM_190621-201207_SF50_Á,first sequencing run,ARMS_Bodo_GStraM_20190621_20201207_SF50_A_r1,NA,NA,ERR9632077,S520,N718,NA,NA,Sample,Nextera,Nextera,NA
6,January_2022,ARMS_Crete_1HERP_20180928_20190128_MF125_DMSO,2018,Motile 125 ìm DMSO,first sequencing run,ARMS_Crete_1HERP_20180928_20190128_MF125_DMSO_r1,ERR9632063,NA,NA,S518,N707,NA,NA,Sample,Nextera,Nextera,NA
6,January_2022,ARMS_Crete_1HERP_20180928_20190128_MF125_DMSO,2018,Motile 125 ìm DMSO,first sequencing run,ARMS_Crete_1HERP_20180928_20190128_MF125_DMSO_r1,NA,NA,ERR9632060,S520,N707,NA,NA,Sample,Nextera,Nextera,NA
6,January_2022,ARMS_Crete_1HERP_20180928_20190128_MF125_ETOH,2018,Motile 125 ìm ETOH,first sequencing run,ARMS_Crete_1HERP_20180928_20190128_MF125_ETOH_r1,ERR9632064,NA,NA,S518,N710,NA,NA,Sample,Nextera,Nextera,NA
6,January_2022,ARMS_Crete_1HERP_20180928_20190128_MF125_ETOH,2018,Motile 125 ìm ETOH,first sequencing run,ARMS_Crete_1HERP_20180928_20190128_MF125_ETOH_r1,NA,NA,ERR9632061,S520,N710,NA,NA,Sample,Nextera,Nextera,NA
6,January_2022,ARMS_Gdynia_GDY1_20190619_20191029_MF100,2019,1285_GDY_2019_MF100-DESS,first sequencing run,ARMS_Gdynia_GDY1_20190619_20191029_MF100_r1,ERR9632087,NA,NA,S518,N711,NA,NA,Sample,Nextera,Nextera,NA
6,January_2022,ARMS_Gdynia_GDY1_20190619_20191029_MF100,2019,1285_GDY_2019_MF100-DESS,first sequencing run,ARMS_Gdynia_GDY1_20190619_20191029_MF100_r1,NA,NA,ERR9632072,S520,N711,NA,NA,Sample,Nextera,Nextera,NA
6,January_2022,ARMS_Gdynia_GDY1_20190619_20191029_SF38,2019,1285_GDY_2019_SF-Plate1-DESS,first sequencing run,ARMS_Gdynia_GDY1_20190619_20191029_SF38_r1,ERR9632088,NA,NA,S518,N712,NA,NA,Sample,Nextera,Nextera,NA
6,January_2022,ARMS_Gdynia_GDY1_20190619_20191029_SF38,2019,1285_GDY_2019_SF-Plate1-DESS,first sequencing run,ARMS_Gdynia_GDY1_20190619_20191029_SF38_r1,NA,NA,ERR9632073,S520,N712,NA,NA,Sample,Nextera,Nextera,NA
6,January_2022,ARMS_Limfjord_Green33_20191029_20201110_MF100,2019,ARMS_Limfjord1_191029-201110_MF100_B,first sequencing run,ARMS_Limfjord_Green33_20191029_20201110_MF100_r1,ERR9632096,NA,NA,S518,N722,NA,NA,Sample,Nextera,Nextera,NA
6,January_2022,ARMS_Limfjord_Green33_20191029_20201110_MF100,2019,ARMS_Limfjord1_191029-201110_MF100_B,first sequencing run,ARMS_Limfjord_Green33_20191029_20201110_MF100_r1,NA,NA,ERR9632081,S520,N722,NA,NA,Sample,Nextera,Nextera,NA
6,January_2022,ARMS_Limfjord_Green33_20191029_20201110_MF500,2019,ARMS_Limfjord1_191029-201110_MF500_B,first sequencing run,ARMS_Limfjord_Green33_20191029_20201110_MF500_r1,ERR9632097,NA,NA,S518,N723,NA,NA,Sample,Nextera,Nextera,NA
6,January_2022,ARMS_Limfjord_Green33_20191029_20201110_MF500,2019,ARMS_Limfjord1_191029-201110_MF500_B,first sequencing run,ARMS_Limfjord_Green33_20191029_20201110_MF500_r1,NA,NA,ERR9632082,S520,N723,NA,NA,Sample,Nextera,Nextera,NA
6,January_2022,ARMS_Limfjord_Green33_20191029_20201110_SF40,2019,ARMS_Limfjord1_191029-201110_SF40_B,first sequencing run,ARMS_Limfjord_Green33_20191029_20201110_SF40_r1,ERR9632098,NA,NA,S518,N724,NA,NA,Sample,Nextera,Nextera,NA
6,January_2022,ARMS_Limfjord_Green33_20191029_20201110_SF40,2019,ARMS_Limfjord1_191029-201110_SF40_B,first sequencing run,ARMS_Limfjord_Green33_20191029_20201110_SF40_r1,NA,NA,ERR9632083,S520,N724,NA,NA,Sample,Nextera,Nextera,NA
6,January_2022,ARMS_Limfjord_Red2_20191029_20201110_MF100,2019,ARMS_Limfjord3_191029-201110_MF100_B,first sequencing run,ARMS_Limfjord_Red2_20191029_20201110_MF100_r1,ERR9632099,NA,NA,S518,N726,NA,NA,Sample,Nextera,Nextera,NA
6,January_2022,ARMS_Limfjord_Red2_20191029_20201110_MF100,2019,ARMS_Limfjord3_191029-201110_MF100_B,first sequencing run,ARMS_Limfjord_Red2_20191029_20201110_MF100_r1,NA,NA,ERR9632084,S520,N726,NA,NA,Sample,Nextera,Nextera,NA
6,January_2022,ARMS_Limfjord_Red2_20191029_20201110_MF500,2019,ARMS_Limfjord3_191029-201110_MF500_B,first sequencing run,ARMS_Limfjord_Red2_20191029_20201110_MF500_r1,ERR9632100,NA,NA,S518,N727,NA,NA,Sample,Nextera,Nextera,NA
6,January_2022,ARMS_Limfjord_Red2_20191029_20201110_MF500,2019,ARMS_Limfjord3_191029-201110_MF500_B,first sequencing run,ARMS_Limfjord_Red2_20191029_20201110_MF500_r1,NA,NA,ERR9632085,S520,N727,NA,NA,Sample,Nextera,Nextera,NA
6,January_2022,ARMS_Limfjord_Red2_20191029_20201110_SF40,2019,ARMS_Limfjord3_191029-201110_SF40_B,first sequencing run,ARMS_Limfjord_Red2_20191029_20201110_SF40_r1,ERR9632101,NA,NA,S518,N728,NA,NA,Sample,Nextera,Nextera,NA
6,January_2022,ARMS_Limfjord_Red2_20191029_20201110_SF40,2019,ARMS_Limfjord3_191029-201110_SF40_B,first sequencing run,ARMS_Limfjord_Red2_20191029_20201110_SF40_r1,NA,NA,ERR9632086,S520,N728,NA,NA,Sample,Nextera,Nextera,NA
6,January_2022,ARMS_Vigo_TorallaC_20190625_20191014_SF40,2019,JTBL_C-SF40,first sequencing run,ARMS_Vigo_TorallaC_20190625_20191014_SF40_r1,ERR9632095,NA,NA,S518,N721,NA,NA,Sample,Nextera,Nextera,NA
6,January_2022,ARMS_Vigo_TorallaC_20190625_20191014_SF40,2019,JTBL_C-SF40,first sequencing run,ARMS_Vigo_TorallaC_20190625_20191014_SF40_r1,NA,NA,ERR9632080,S520,N721,NA,NA,Sample,Nextera,Nextera,NA
6,January_2022,Blank,NA,NA,NA,NA,ERR9632065,NA,NA,S518,N729,NA,NA,Blank,Nextera,Nextera,NA
6,January_2022,Blank,NA,NA,NA,NA,NA,NA,ERR9632062,S520,N729,NA,NA,Blank,Nextera,Nextera,NA
7,August_2023,ARMS_Eilat_Katza1_20181024_20200706_MF500,2018,ARMS_Katza_1_181024-200607_500_1,second sequencing run (repeat),ARMS_Eilat_Katza1_20181024_20200706_MF500_r2,ERR12541474,NA,ERR12541376,S513,N729,NA,NA,Sample,Nextera,Nextera,ERR12645952
7,August_2023,ARMS_Gdynia_GDY1_20180813_20191029_SF38_DMSO,2018,1206_GDY_2018_SF-Plate1-DESS,second sequencing run (repeat),ARMS_Gdynia_GDY1_20180813_20191029_SF38_DMSO_r2,ERR12541471,NA,ERR12541373,S505,N729,NA,NA,Sample,Nextera,Nextera,ERR12645951
7,August_2023,ARMS_GulfOfPiran_Fornace_20180815_20181118_MF500_ETOH,2018,etOH MOB4,second sequencing run (repeat),ARMS_GulfOfPiran_Fornace_20180815_20181118_MF500_ETOH_r2,ERR12541473,NA,ERR12541375,S506,N729,NA,NA,Sample,Nextera,Nextera,ERR12645950
7,August_2023,ARMS_GulfOfPiran_Fornace_20180815_20181118_SF_ETOH,2018,etOH SES,second sequencing run (repeat),ARMS_GulfOfPiran_Fornace_20180815_20181118_SF_ETOH_r2,ERR12541472,NA,ERR12541374,S511,N729,NA,NA,Sample,Nextera,Nextera,ERR12645953
7,August_2023,ARMS_Koster_VH1_20190527_20200716_MF100,2019,ARMS_KOSTER_VH1_190527-200716_ MF100,second sequencing run (repeat),ARMS_Koster_VH1_20190527_20200716_MF100_r2,ERR12541475,NA,ERR12541377,S506,N728,NA,NA,Sample,Nextera,Nextera,ERR12645948
7,August_2023,ARMS_Koster_VH1_20190527_20200716_MF500,2019,ARMS_KOSTER_VH1_190527-200716_ MF500,second sequencing run (repeat),ARMS_Koster_VH1_20190527_20200716_MF500_r2,ERR12541476,NA,ERR12541378,S505,N728,NA,NA,Sample,Nextera,Nextera,ERR12645949
7,August_2023,ARMS_Koster_VH2_20180418_20180906_PS90_ETOH,2018,VH2-PS90-EtOH,second sequencing run (repeat),ARMS_Koster_VH2_20180418_20180906_PS90_ETOH_r2,ERR12541477,NA,ERR12541379,S507,N729,NA,NA,Sample,Nextera,Nextera,ERR12645947
7,August_2023,ARMS_Vigo_TorallaA_20190625_20191014_MF500,2019,JTBL_A_MF500,second sequencing run (repeat),ARMS_Vigo_TorallaA_20190625_20191014_MF500_r2,ERR12541478,NA,ERR12541380,S507,N728,NA,NA,Sample,Nextera,Nextera,ERR12645944
7,August_2023,ARMS_Vigo_TorallaB_20190625_20191014_MF500,2019,JTBL_B_MF500,second sequencing run (repeat),ARMS_Vigo_TorallaB_20190625_20191014_MF500_r2,ERR12541479,NA,ERR12541381,S506,N722,NA,NA,Sample,Nextera,Nextera,ERR12645945
7,August_2023,ARMS_Vigo_TorallaC_20190625_20191014_MF500,2019,JTBL_C_MF500,second sequencing run (repeat),ARMS_Vigo_TorallaC_20190625_20191014_MF500_r2,ERR12541480,NA,ERR12541382,S508,N722,NA,NA,Sample,Nextera,Nextera,ERR12645946
7,August_2023,Blank1,NA,NA,NA,Blank1NA,ERR12541481,NA,ERR12541383,S508,N728,NA,NA,Blank,Nextera,Nextera,ERR12645954
7,August_2023,Blank2,NA,NA,NA,Blank2NA,ERR12541482,NA,ERR12541384,S515,N707,NA,NA,Blank,Nextera,Nextera,ERR12645955
