Country,ObservatoryID,UnitID,DateDeployed,DateCollected,EventID,MaterialSampleID,Fraction,Preservative,Filter,CrateCover,Number of associated data files,Number of ENA sequences
BEL,BelgiumCoast,AZBE1,24/09/2019,03/03/2020,ARMS_BelgiumCoast_AZBE1_20190924_20200303,ARMS_BelgiumCoast_AZBE1_20190924_20200303_MF100,Motile,DMSO,100,no,39,4
BEL,BelgiumCoast,AZBE1,24/09/2019,03/03/2020,ARMS_BelgiumCoast_AZBE1_20190924_20200303,ARMS_BelgiumCoast_AZBE1_20190924_20200303_MF500,Motile,DMSO,500,no,39,6
BEL,BelgiumCoast,AZBE1,24/09/2019,03/03/2020,ARMS_BelgiumCoast_AZBE1_20190924_20200303,ARMS_BelgiumCoast_AZBE1_20190924_20200303_SF40,Sessile,DMSO,40,no,39,6
BEL,BelgiumCoast,AZFPin,12/07/2018,18/08/2018,ARMS_BelgiumCoast_AZFPin_20180712_20180818,ARMS_BelgiumCoast_AZFPin_20180712_20180818_MF200_ETOH,Motile,EtOH,200,no,294,4
BEL,BelgiumCoast,AZFPin,12/07/2018,18/08/2018,ARMS_BelgiumCoast_AZFPin_20180712_20180818,ARMS_BelgiumCoast_AZFPin_20180712_20180818_MF500_ETOH,Motile,EtOH,500,no,294,6
DNK,Limfjord,Green33,18/06/2019,29/10/2019,ARMS_Limfjord_Green33_20190618_20191029,ARMS_Limfjord_Green33_20190618_20191029_MF100,Motile,DMSO,100,Yes,28,6
DNK,Limfjord,Green33,18/06/2019,29/10/2019,ARMS_Limfjord_Green33_20190618_20191029,ARMS_Limfjord_Green33_20190618_20191029_MF500,Motile,DMSO,500,Yes,28,6
DNK,Limfjord,Green33,18/06/2019,29/10/2019,ARMS_Limfjord_Green33_20190618_20191029,ARMS_Limfjord_Green33_20190618_20191029_SF40,Sessile,DMSO,40,Yes,28,6
DNK,Limfjord,Green33,29/10/2019,10/11/2020,ARMS_Limfjord_Green33_20191029_20201110,ARMS_Limfjord_Green33_20191029_20201110_MF100,Motile,DMSO,100,not provided,24,4
DNK,Limfjord,Green33,29/10/2019,10/11/2020,ARMS_Limfjord_Green33_20191029_20201110,ARMS_Limfjord_Green33_20191029_20201110_MF500,Motile,DMSO,500,not provided,24,4
DNK,Limfjord,Green33,29/10/2019,10/11/2020,ARMS_Limfjord_Green33_20191029_20201110,ARMS_Limfjord_Green33_20191029_20201110_SF40,Sessile,DMSO,40,not provided,24,4
DNK,Limfjord,Red2,18/06/2019,29/10/2019,ARMS_Limfjord_Red2_20190618_20191029,ARMS_Limfjord_Red2_20190618_20191029_MF100,Motile,DMSO,100,Yes,56,6
DNK,Limfjord,Red2,18/06/2019,29/10/2019,ARMS_Limfjord_Red2_20190618_20191029,ARMS_Limfjord_Red2_20190618_20191029_MF500,Motile,DMSO,500,Yes,56,6
DNK,Limfjord,Red2,18/06/2019,29/10/2019,ARMS_Limfjord_Red2_20190618_20191029,ARMS_Limfjord_Red2_20190618_20191029_SF40,Sessile,DMSO,40,Yes,56,6
DNK,Limfjord,Red2,29/10/2019,10/11/2020,ARMS_Limfjord_Red2_20191029_20201110,ARMS_Limfjord_Red2_20191029_20201110_MF100,Motile,DMSO,100,not provided,21,4
DNK,Limfjord,Red2,29/10/2019,10/11/2020,ARMS_Limfjord_Red2_20191029_20201110,ARMS_Limfjord_Red2_20191029_20201110_MF500,Motile,DMSO,500,not provided,21,4
DNK,Limfjord,Red2,29/10/2019,10/11/2020,ARMS_Limfjord_Red2_20191029_20201110,ARMS_Limfjord_Red2_20191029_20201110_SF40,Sessile,DMSO,40,not provided,21,4
DNK,Limfjord,Yellow8,18/06/2019,29/10/2019,ARMS_Limfjord_Yellow8_20190618_20191029,ARMS_Limfjord_Yellow8_20190618_20191029_MF100,Motile,DMSO,100,not provided,99,6
DNK,Limfjord,Yellow8,18/06/2019,29/10/2019,ARMS_Limfjord_Yellow8_20190618_20191029,ARMS_Limfjord_Yellow8_20190618_20191029_MF500,Motile,DMSO,500,not provided,99,6
DNK,Limfjord,Yellow8,18/06/2019,29/10/2019,ARMS_Limfjord_Yellow8_20190618_20191029,ARMS_Limfjord_Yellow8_20190618_20191029_SF40,Sessile,DMSO,40,not provided,99,6
ESP,Getxo,G1,24/06/2019,16/10/2019,ARMS_Getxo_G1_20190624_20191016,ARMS_Getxo_G1_20190624_20191016_MF100,Motile,DMSO,100,No,134,4
ESP,Getxo,G1,24/06/2019,16/10/2019,ARMS_Getxo_G1_20190624_20191016,ARMS_Getxo_G1_20190624_20191016_MF500,Motile,DMSO,500,No,134,4
ESP,Getxo,G1,24/06/2019,16/10/2019,ARMS_Getxo_G1_20190624_20191016,ARMS_Getxo_G1_20190624_20191016_SF40,Sessile,DMSO,40,No,134,4
ESP,Getxo,G2,24/06/2019,16/10/2019,ARMS_Getxo_G2_20190624_20191016,ARMS_Getxo_G2_20190624_20191016_MF100,Motile,DMSO,100,No,121,6
ESP,Getxo,G2,24/06/2019,16/10/2019,ARMS_Getxo_G2_20190624_20191016,ARMS_Getxo_G2_20190624_20191016_MF500,Motile,DMSO,500,No,121,4
ESP,Getxo,G2,24/06/2019,16/10/2019,ARMS_Getxo_G2_20190624_20191016,ARMS_Getxo_G2_20190624_20191016_SF40,Sessile,DMSO,40,No,121,4
ESP,Getxo,G3,24/06/2019,16/10/2019,ARMS_Getxo_G3_20190624_20191016,ARMS_Getxo_G3_20190624_20191016_MF100,Motile,DMSO,100,No,222,4
ESP,Getxo,G3,24/06/2019,16/10/2019,ARMS_Getxo_G3_20190624_20191016,ARMS_Getxo_G3_20190624_20191016_MF500,Motile,DMSO,500,No,222,4
ESP,Getxo,G3,24/06/2019,16/10/2019,ARMS_Getxo_G3_20190624_20191016,ARMS_Getxo_G3_20190624_20191016_SF40,Sessile,DMSO,40,No,222,4
ESP,Vigo,TorallaA,07/06/2018,24/09/2018,ARMS_Vigo_TorallaA_20180607_20180924,ARMS_Vigo_TorallaA_20180607_20180924_MF100_ETOH,Motile,EtOH,100,not provided,25,4
ESP,Vigo,TorallaA,07/06/2018,24/09/2018,ARMS_Vigo_TorallaA_20180607_20180924,ARMS_Vigo_TorallaA_20180607_20180924_MF500_ETOH,Motile,EtOH,500,not provided,25,4
ESP,Vigo,TorallaA,07/06/2018,24/09/2018,ARMS_Vigo_TorallaA_20180607_20180924,ARMS_Vigo_TorallaA_20180607_20180924_SF40_ETOH,Sessile,EtOH,40,not provided,25,6
ESP,Vigo,TorallaA,25/06/2019,14/10/2019,ARMS_Vigo_TorallaA_20190625_20191014,ARMS_Vigo_TorallaA_20190625_20191014_MF100,Motile,DMSO,100,not provided,21,6
ESP,Vigo,TorallaA,25/06/2019,14/10/2019,ARMS_Vigo_TorallaA_20190625_20191014,ARMS_Vigo_TorallaA_20190625_20191014_MF500,Motile,DMSO,500,not provided,21,6
ESP,Vigo,TorallaA,25/06/2019,14/10/2019,ARMS_Vigo_TorallaA_20190625_20191014,ARMS_Vigo_TorallaA_20190625_20191014_SF40,Sessile,DMSO,40,not provided,21,6
ESP,Vigo,TorallaB,25/06/2019,14/10/2019,ARMS_Vigo_TorallaB_20190625_20191014,ARMS_Vigo_TorallaB_20190625_20191014_MF100,Motile,DMSO,100,not provided,18,6
ESP,Vigo,TorallaB,25/06/2019,14/10/2019,ARMS_Vigo_TorallaB_20190625_20191014,ARMS_Vigo_TorallaB_20190625_20191014_MF500,Motile,DMSO,500,not provided,18,6
ESP,Vigo,TorallaB,25/06/2019,14/10/2019,ARMS_Vigo_TorallaB_20190625_20191014,ARMS_Vigo_TorallaB_20190625_20191014_SF40,Sessile,DMSO,40,not provided,18,4
ESP,Vigo,TorallaC,25/06/2019,14/10/2019,ARMS_Vigo_TorallaC_20190625_20191014,ARMS_Vigo_TorallaC_20190625_20191014_MF100,Motile,DMSO,100,not provided,18,6
ESP,Vigo,TorallaC,25/06/2019,14/10/2019,ARMS_Vigo_TorallaC_20190625_20191014,ARMS_Vigo_TorallaC_20190625_20191014_MF500,Motile,DMSO,500,not provided,18,6
ESP,Vigo,TorallaC,25/06/2019,14/10/2019,ARMS_Vigo_TorallaC_20190625_20191014,ARMS_Vigo_TorallaC_20190625_20191014_SF40,Sessile,DMSO,40,not provided,18,4
FIN,TZS,Angbat,11/07/2018,06/11/2018,ARMS_TZS_Angbat_20180711_20181106,ARMS_TZS_Angbat_20180711_20181106_MF100_ETOH,Motile,EtOH,100,not provided,105,4
FIN,TZS,Angbat,11/07/2018,06/11/2018,ARMS_TZS_Angbat_20180711_20181106,ARMS_TZS_Angbat_20180711_20181106_MF500_ETOH,Motile,EtOH,500,not provided,105,6
FIN,TZS,Angbat,11/07/2018,06/11/2018,ARMS_TZS_Angbat_20180711_20181106,ARMS_TZS_Angbat_20180711_20181106_SF48_ETOH,Sessile,EtOH,48,not provided,105,4
FIN,TZS,Spikarna,11/07/2018,07/11/2018,ARMS_TZS_Spikarna_20180711_20181107,ARMS_TZS_Spikarna_20180711_20181107_MF100_ETOH,Motile,EtOH,100,not provided,111,4
FIN,TZS,Spikarna,11/07/2018,07/11/2018,ARMS_TZS_Spikarna_20180711_20181107,ARMS_TZS_Spikarna_20180711_20181107_MF500_ETOH,Motile,EtOH,500,not provided,111,6
FIN,TZS,Spikarna,11/07/2018,07/11/2018,ARMS_TZS_Spikarna_20180711_20181107,ARMS_TZS_Spikarna_20180711_20181107_SF48_ETOH,Sessile,EtOH,48,not provided,111,4
FRA,Roscoff,BasBloS1,11/07/2018,25/10/2018,ARMS_Roscoff_BasBloS1_20180711_20181025,ARMS_Roscoff_BasBloS1_20180711_20181025_MF100_DMSO,Motile,DMSO,100,not provided,0,4
FRA,Roscoff,BasBloS1,11/07/2018,25/10/2018,ARMS_Roscoff_BasBloS1_20180711_20181025,ARMS_Roscoff_BasBloS1_20180711_20181025_MF500_DMSO,Motile,DMSO,500,not provided,0,4
FRA,Roscoff,BasBloS1,11/07/2018,25/10/2018,ARMS_Roscoff_BasBloS1_20180711_20181025,ARMS_Roscoff_BasBloS1_20180711_20181025_SF40_DMSO_A,Sessile,DMSO,40,not provided,0,6
FRA,Roscoff,BasBloS1,11/07/2018,25/10/2018,ARMS_Roscoff_BasBloS1_20180711_20181025,ARMS_Roscoff_BasBloS1_20180711_20181025_SF40_DMSO_B,Sessile,DMSO,40,not provided,0,4
FRA,Roscoff,BasBloS1,11/07/2018,25/10/2018,ARMS_Roscoff_BasBloS1_20180711_20181025,ARMS_Roscoff_BasBloS1_20180711_20181025_SF40_ETOH_A,Sessile,EtOH,40,not provided,0,6
FRA,Roscoff,BasBloS1,11/07/2018,25/10/2018,ARMS_Roscoff_BasBloS1_20180711_20181025,ARMS_Roscoff_BasBloS1_20180711_20181025_SF40_ETOH_B,Sessile,EtOH,40,not provided,0,4
FRA,Roscoff,BasBloS1,12/06/2019,27/05/2020,ARMS_Roscoff_BasBloS1_20190612_20200527,ARMS_Roscoff_BasBloS1_20190612_20200527_MF100,Motile,DMSO,100,not provided,0,4
FRA,Roscoff,BasBloS1,12/06/2019,27/05/2020,ARMS_Roscoff_BasBloS1_20190612_20200527,ARMS_Roscoff_BasBloS1_20190612_20200527_MF500,Motile,DMSO,500,not provided,0,4
FRA,Roscoff,BasBloS1,12/06/2019,27/05/2020,ARMS_Roscoff_BasBloS1_20190612_20200527,ARMS_Roscoff_BasBloS1_20190612_20200527_SF40,Sessile,DMSO,40,not provided,0,6
FRA,Roscoff,BasBloS2,12/06/2019,28/05/2020,ARMS_Roscoff_BasBloS2_20190612_20200528,ARMS_Roscoff_BasBloS2_20190612_20200528_MF100,Motile,DMSO,100,not provided,0,6
FRA,Roscoff,BasBloS2,12/06/2019,28/05/2020,ARMS_Roscoff_BasBloS2_20190612_20200528,ARMS_Roscoff_BasBloS2_20190612_20200528_MF500,Motile,DMSO,500,not provided,0,6
FRA,Roscoff,BasBloS2,12/06/2019,28/05/2020,ARMS_Roscoff_BasBloS2_20190612_20200528,ARMS_Roscoff_BasBloS2_20190612_20200528_SF40,Sessile,DMSO,40,not provided,0,4
FRA,Roscoff,BasBloS3,12/06/2019,29/05/2020,ARMS_Roscoff_BasBloS3_20190612_20200529,ARMS_Roscoff_BasBloS3_20190612_20200529_MF100,Motile,DMSO,100,not provided,0,6
FRA,Roscoff,BasBloS3,12/06/2019,29/05/2020,ARMS_Roscoff_BasBloS3_20190612_20200529,ARMS_Roscoff_BasBloS3_20190612_20200529_MF500,Motile,DMSO,500,not provided,0,6
FRA,Roscoff,BasBloS3,12/06/2019,29/05/2020,ARMS_Roscoff_BasBloS3_20190612_20200529,ARMS_Roscoff_BasBloS3_20190612_20200529_SF40,Sessile,DMSO,40,not provided,0,6
FRA,Roscoff,MarBloR1,09/07/2018,24/10/2018,ARMS_Roscoff_MarBloR1_20180709_20181024,ARMS_Roscoff_MarBloR1_20180709_20181024_MF100_DMSO,Motile,DMSO,100,not provided,18,4
FRA,Roscoff,MarBloR1,09/07/2018,24/10/2018,ARMS_Roscoff_MarBloR1_20180709_20181024,ARMS_Roscoff_MarBloR1_20180709_20181024_MF100_ETOH,Motile,EtOH,100,not provided,18,4
FRA,Roscoff,MarBloR1,09/07/2018,24/10/2018,ARMS_Roscoff_MarBloR1_20180709_20181024,ARMS_Roscoff_MarBloR1_20180709_20181024_MF500_DMSO,Motile,DMSO,500,not provided,18,4
FRA,Roscoff,MarBloR1,09/07/2018,24/10/2018,ARMS_Roscoff_MarBloR1_20180709_20181024,ARMS_Roscoff_MarBloR1_20180709_20181024_MF500_ETOH,Motile,EtOH,500,not provided,18,4
FRA,Roscoff,MarBloR1,09/07/2018,24/10/2018,ARMS_Roscoff_MarBloR1_20180709_20181024,ARMS_Roscoff_MarBloR1_20180709_20181024_SF40_DMSO,Sessile,DMSO,40,not provided,18,4
FRA,Roscoff,MarBloR1,09/07/2018,24/10/2018,ARMS_Roscoff_MarBloR1_20180709_20181024,ARMS_Roscoff_MarBloR1_20180709_20181024_SF40_ETOH,Sessile,EtOH,40,not provided,18,4
FRA,Roscoff,MarBloR1,12/06/2019,16/09/2019,ARMS_Roscoff_MarBloR1_20190612_20190916,ARMS_Roscoff_MarBloR1_20190612_20190916_MF100,Motile,DMSO,100,not provided,18,6
FRA,Roscoff,MarBloR1,12/06/2019,16/09/2019,ARMS_Roscoff_MarBloR1_20190612_20190916,ARMS_Roscoff_MarBloR1_20190612_20190916_MF500,Motile,DMSO,500,not provided,18,6
FRA,Roscoff,MarBloR1,12/06/2019,16/09/2019,ARMS_Roscoff_MarBloR1_20190612_20190916,ARMS_Roscoff_MarBloR1_20190612_20190916_SF40,Sessile,DMSO,40,not provided,18,6
FRA,Roscoff,MarBloR2,12/06/2019,17/09/2019,ARMS_Roscoff_MarBloR2_20190612_20190917,ARMS_Roscoff_MarBloR2_20190612_20190917_MF100,Motile,DMSO,100,not provided,18,6
FRA,Roscoff,MarBloR2,12/06/2019,17/09/2019,ARMS_Roscoff_MarBloR2_20190612_20190917,ARMS_Roscoff_MarBloR2_20190612_20190917_MF500,Motile,DMSO,500,not provided,18,6
FRA,Roscoff,MarBloR2,12/06/2019,17/09/2019,ARMS_Roscoff_MarBloR2_20190612_20190917,ARMS_Roscoff_MarBloR2_20190612_20190917_SF40,Sessile,DMSO,40,not provided,18,6
FRA,Roscoff,MarBloR3,12/06/2019,18/09/2019,ARMS_Roscoff_MarBloR3_20190612_20190918,ARMS_Roscoff_MarBloR3_20190612_20190918_MF100,Motile,DMSO,100,not provided,18,6
FRA,Roscoff,MarBloR3,12/06/2019,18/09/2019,ARMS_Roscoff_MarBloR3_20190612_20190918,ARMS_Roscoff_MarBloR3_20190612_20190918_MF500,Motile,DMSO,500,not provided,18,6
FRA,Roscoff,MarBloR3,12/06/2019,18/09/2019,ARMS_Roscoff_MarBloR3_20190612_20190918,ARMS_Roscoff_MarBloR3_20190612_20190918_SF40,Sessile,DMSO,40,not provided,18,6
GBR,Plymouth,MBA1,01/07/2018,01/10/2018,ARMS_Plymouth_MBA1_20180701_20181001,ARMS_Plymouth_MBA1_20180701_20181001_MF100_DMSO,Motile,DMSO,100,not provided,24,4
GBR,Plymouth,MBA1,01/07/2018,01/10/2018,ARMS_Plymouth_MBA1_20180701_20181001,ARMS_Plymouth_MBA1_20180701_20181001_MF100_ETOH,Motile,EtOH,100,not provided,24,4
GBR,Plymouth,MBA1,01/07/2018,01/10/2018,ARMS_Plymouth_MBA1_20180701_20181001,ARMS_Plymouth_MBA1_20180701_20181001_MF500_DMSO,Motile,DMSO,500,not provided,24,4
GBR,Plymouth,MBA1,01/07/2018,01/10/2018,ARMS_Plymouth_MBA1_20180701_20181001,ARMS_Plymouth_MBA1_20180701_20181001_MF500_ETOH,Motile,EtOH,500,not provided,24,4
GBR,Plymouth,MBA1,01/07/2018,01/10/2018,ARMS_Plymouth_MBA1_20180701_20181001,ARMS_Plymouth_MBA1_20180701_20181001_SF40_DMSO,Sessile,DMSO,40,not provided,24,4
GBR,Plymouth,MBA1,01/07/2018,01/10/2018,ARMS_Plymouth_MBA1_20180701_20181001,ARMS_Plymouth_MBA1_20180701_20181001_SF40_ETOH,Sessile,EtOH,40,not provided,24,4
GBR,Plymouth,MBA1A,16/07/2019,16/09/2019,ARMS_Plymouth_MBA1A_20190716_20190916,ARMS_Plymouth_MBA1A_20190716_20190916_MF100,Motile,DMSO,100,not provided,21,6
GBR,Plymouth,MBA1A,16/07/2019,16/09/2019,ARMS_Plymouth_MBA1A_20190716_20190916,ARMS_Plymouth_MBA1A_20190716_20190916_MF500,Motile,DMSO,500,not provided,21,6
GBR,Plymouth,MBA1A,16/07/2019,16/09/2019,ARMS_Plymouth_MBA1A_20190716_20190916,ARMS_Plymouth_MBA1A_20190716_20190916_SF40,Sessile,DMSO,40,not provided,21,6
GBR,Plymouth,MBA1B,16/07/2019,18/09/2019,ARMS_Plymouth_MBA1B_20190716_20190918,ARMS_Plymouth_MBA1B_20190716_20190918_MF100,Motile,DMSO,100,not provided,25,6
GBR,Plymouth,MBA1B,16/07/2019,18/09/2019,ARMS_Plymouth_MBA1B_20190716_20190918,ARMS_Plymouth_MBA1B_20190716_20190918_MF500,Motile,DMSO,500,not provided,25,6
GBR,Plymouth,MBA1B,16/07/2019,18/09/2019,ARMS_Plymouth_MBA1B_20190716_20190918,ARMS_Plymouth_MBA1B_20190716_20190918_SF40,Sessile,DMSO,40,not provided,25,6
GBR,Plymouth,MBA1C,16/07/2019,20/09/2019,ARMS_Plymouth_MBA1C_20190716_20190920,ARMS_Plymouth_MBA1C_20190716_20190920_MF100,Motile,DMSO,100,not provided,24,6
GBR,Plymouth,MBA1C,16/07/2019,20/09/2019,ARMS_Plymouth_MBA1C_20190716_20190920,ARMS_Plymouth_MBA1C_20190716_20190920_MF500,Motile,DMSO,500,not provided,24,6
GBR,Plymouth,MBA1C,16/07/2019,20/09/2019,ARMS_Plymouth_MBA1C_20190716_20190920,ARMS_Plymouth_MBA1C_20190716_20190920_SF40,Sessile,DMSO,40,not provided,24,6
GBR,Plymouth,MBA2,01/07/2018,01/10/2018,ARMS_Plymouth_MBA2_20180701_20181001,ARMS_Plymouth_MBA2_20180701_20181001_MF100_DMSO,Motile,DMSO,100,not provided,27,4
GBR,Plymouth,MBA2,01/07/2018,01/10/2018,ARMS_Plymouth_MBA2_20180701_20181001,ARMS_Plymouth_MBA2_20180701_20181001_MF100_ETOH,Motile,EtOH,100,not provided,27,4
GBR,Plymouth,MBA2,01/07/2018,01/10/2018,ARMS_Plymouth_MBA2_20180701_20181001,ARMS_Plymouth_MBA2_20180701_20181001_MF500_ETOH,Motile,EtOH,500,not provided,27,6
GBR,Plymouth,MBA2,01/07/2018,01/10/2018,ARMS_Plymouth_MBA2_20180701_20181001,ARMS_Plymouth_MBA2_20180701_20181001_SF40_DMSO,Sessile,DMSO,40,not provided,27,4
GBR,Plymouth,MBA2,01/07/2018,01/10/2018,ARMS_Plymouth_MBA2_20180701_20181001,ARMS_Plymouth_MBA2_20180701_20181001_SF40_ETOH,Sessile,EtOH,40,not provided,27,4
GRC,Crete,1HERP,28/09/2018,28/01/2019,ARMS_Crete_1HERP_20180928_20190128,ARMS_Crete_1HERP_20180928_20190128_MF125_DMSO,Motile,DMSO,125,Yes,140,4
GRC,Crete,1HERP,28/09/2018,28/01/2019,ARMS_Crete_1HERP_20180928_20190128,ARMS_Crete_1HERP_20180928_20190128_MF125_ETOH,Motile,EtOH,125,Yes,140,4
GRC,Crete,1HERP,28/09/2018,28/01/2019,ARMS_Crete_1HERP_20180928_20190128,ARMS_Crete_1HERP_20180928_20190128_MF500_DMSO,Motile,DMSO,500,Yes,140,6
GRC,Crete,1HERP,28/09/2018,28/01/2019,ARMS_Crete_1HERP_20180928_20190128,ARMS_Crete_1HERP_20180928_20190128_MF500_ETOH,Motile,EtOH,500,Yes,140,6
GRC,Crete,1HERP,28/09/2018,28/01/2019,ARMS_Crete_1HERP_20180928_20190128,ARMS_Crete_1HERP_20180928_20190128_PS250_ETOH,Plankton,EtOH,250,N/A (Not relevant information for this fraction/sample),140,4
GRC,Crete,1HERP,28/09/2018,28/01/2019,ARMS_Crete_1HERP_20180928_20190128,ARMS_Crete_1HERP_20180928_20190128_SED,Sediment,Frozen,N/A (No filter was used),N/A (Not relevant information for this fraction/sample),140,6
GRC,Crete,1HERP,28/09/2018,28/01/2019,ARMS_Crete_1HERP_20180928_20190128,ARMS_Crete_1HERP_20180928_20190128_SF_DMSO,Sessile,DMSO,N/A (No filter was used),N/A (Not relevant information for this fraction/sample),140,6
GRC,Crete,1HERP,28/09/2018,28/01/2019,ARMS_Crete_1HERP_20180928_20190128,ARMS_Crete_1HERP_20180928_20190128_SF_ETOH,Sessile,EtOH,N/A (No filter was used),N/A (Not relevant information for this fraction/sample),140,6
GRC,Crete,1HERP,12/06/2019,11/10/2019,ARMS_Crete_1HERP_20190612_20191011,ARMS_Crete_1HERP_20190612_20191011_MF500,Motile,Frozen,500,Yes,156,6
GRC,Crete,1HERP,12/06/2019,11/10/2019,ARMS_Crete_1HERP_20190612_20191011,ARMS_Crete_1HERP_20190612_20191011_MF90,Motile,Frozen,90,Yes,156,6
GRC,Crete,1HERP,12/06/2019,11/10/2019,ARMS_Crete_1HERP_20190612_20191011,ARMS_Crete_1HERP_20190612_20191011_SF,Sessile,Frozen,N/A (No filter was used),N/A (Not relevant information for this fraction/sample),156,6
GRC,Crete,1HERP,12/06/2019,10/02/2020,ARMS_Crete_1HERP_20190612_20200210,ARMS_Crete_1HERP_20190612_20200210_MF500,Motile,Frozen,500,Yes,157,6
GRC,Crete,1HERP,12/06/2019,10/02/2020,ARMS_Crete_1HERP_20190612_20200210,ARMS_Crete_1HERP_20190612_20200210_MF90,Motile,Frozen,90,Yes,157,6
GRC,Crete,1HERP,12/06/2019,10/02/2020,ARMS_Crete_1HERP_20190612_20200210,ARMS_Crete_1HERP_20190612_20200210_SF,Sessile,Frozen,N/A (No filter was used),N/A (Not relevant information for this fraction/sample),157,6
GRC,Crete,1HERP,12/06/2019,18/06/2020,ARMS_Crete_1HERP_20190612_20200618,ARMS_Crete_1HERP_20190612_20200618_MF500,Motile,Frozen,500,Yes,175,6
GRC,Crete,1HERP,12/06/2019,18/06/2020,ARMS_Crete_1HERP_20190612_20200618,ARMS_Crete_1HERP_20190612_20200618_MF90,Motile,Frozen,90,Yes,175,6
GRC,Crete,1HERP,12/06/2019,18/06/2020,ARMS_Crete_1HERP_20190612_20200618,ARMS_Crete_1HERP_20190612_20200618_SF,Sessile,Frozen,N/A (No filter was used),N/A (Not relevant information for this fraction/sample),175,6
GRC,Crete,2UBPC,24/09/2019,11/12/2020,ARMS_Crete_2UBPC_20190924_20201211,ARMS_Crete_2UBPC_20190924_20201211_MF500,Motile,Frozen,500,Imperfectly,164,6
GRC,Crete,2UBPC,24/09/2019,11/12/2020,ARMS_Crete_2UBPC_20190924_20201211,ARMS_Crete_2UBPC_20190924_20201211_MF90,Motile,Frozen,90,Imperfectly,164,6
GRC,Crete,2UBPC,24/09/2019,11/12/2020,ARMS_Crete_2UBPC_20190924_20201211,ARMS_Crete_2UBPC_20190924_20201211_SF,Sessile,Frozen,N/A (No filter was used),Imperfectly,164,6
ISR,Eilat,Katza1,24/10/2018,06/07/2020,ARMS_Eilat_Katza1_20181024_20200706,ARMS_Eilat_Katza1_20181024_20200706_MF100,Motile,DMSO,100,not provided,213,4
ISR,Eilat,Katza1,24/10/2018,06/07/2020,ARMS_Eilat_Katza1_20181024_20200706,ARMS_Eilat_Katza1_20181024_20200706_MF500,Motile,DMSO,500,not provided,213,4
ISR,Eilat,Katza1,24/10/2018,06/07/2020,ARMS_Eilat_Katza1_20181024_20200706,ARMS_Eilat_Katza1_20181024_20200706_SF45,Sessile,DMSO,45,not provided,213,4
ISR,Eilat,Katza2,24/10/2018,03/08/2020,ARMS_Eilat_Katza2_20181024_20200803,ARMS_Eilat_Katza2_20181024_20200803_MF100,Motile,DMSO,100,not provided,231,4
ISR,Eilat,Katza2,24/10/2018,03/08/2020,ARMS_Eilat_Katza2_20181024_20200803,ARMS_Eilat_Katza2_20181024_20200803_MF500,Motile,DMSO,500,not provided,231,4
ISR,Eilat,Katza2,24/10/2018,03/08/2020,ARMS_Eilat_Katza2_20181024_20200803,ARMS_Eilat_Katza2_20181024_20200803_SF45,Sessile,DMSO,45,not provided,231,4
ISR,Eilat,NR1,17/10/2018,04/02/2020,ARMS_Eilat_NR1_20181017_20200204,ARMS_Eilat_NR1_20181017_20200204_MF100,Motile,DMSO,100,not provided,151,4
ISR,Eilat,NR1,17/10/2018,04/02/2020,ARMS_Eilat_NR1_20181017_20200204,ARMS_Eilat_NR1_20181017_20200204_MF500,Motile,DMSO,500,not provided,151,4
ISR,Eilat,NR1,17/10/2018,04/02/2020,ARMS_Eilat_NR1_20181017_20200204,ARMS_Eilat_NR1_20181017_20200204_SF45,Sessile,DMSO,45,not provided,151,4
ISR,Eilat,NR2,17/10/2018,24/05/2020,ARMS_Eilat_NR2_20181017_20200524,ARMS_Eilat_NR2_20181017_20200524_MF100,Motile,DMSO,100,not provided,183,4
ISR,Eilat,NR2,17/10/2018,24/05/2020,ARMS_Eilat_NR2_20181017_20200524,ARMS_Eilat_NR2_20181017_20200524_MF500,Motile,DMSO,500,not provided,183,4
ISR,Eilat,NR2,17/10/2018,24/05/2020,ARMS_Eilat_NR2_20181017_20200524,ARMS_Eilat_NR2_20181017_20200524_SF45,Sessile,DMSO,45,not provided,183,4
NOR,Bodo,GStraB,21/06/2019,07/12/2020,ARMS_Bodo_GStraB_20190621_20201207,ARMS_Bodo_GStraB_20190621_20201207_MF100,Motile,DMSO,100,not provided,21,4
NOR,Bodo,GStraB,21/06/2019,07/12/2020,ARMS_Bodo_GStraB_20190621_20201207,ARMS_Bodo_GStraB_20190621_20201207_MF500,Motile,DMSO,500,not provided,21,4
NOR,Bodo,GStraB,21/06/2019,07/12/2020,ARMS_Bodo_GStraB_20190621_20201207,ARMS_Bodo_GStraB_20190621_20201207_SF50_A,Sessile,DMSO,50,not provided,21,4
NOR,Bodo,GStraM,21/06/2019,07/12/2020,ARMS_Bodo_GStraM_20190621_20201207,ARMS_Bodo_GStraM_20190621_20201207_MF100,Motile,DMSO,100,not provided,21,4
NOR,Bodo,GStraM,21/06/2019,07/12/2020,ARMS_Bodo_GStraM_20190621_20201207,ARMS_Bodo_GStraM_20190621_20201207_MF500,Motile,DMSO,500,not provided,21,4
NOR,Bodo,GStraM,21/06/2019,07/12/2020,ARMS_Bodo_GStraM_20190621_20201207,ARMS_Bodo_GStraM_20190621_20201207_SF50_A,Sessile,DMSO,50,not provided,21,4
NOR,Svalbard,S1,06/07/2018,06/08/2019,ARMS_Svalbard_S1_20180706_20190806,ARMS_Svalbard_S1_20180706_20190806_MF100_ETOH,Motile,EtOH,100,not provided,197,4
NOR,Svalbard,S1,06/07/2018,06/08/2019,ARMS_Svalbard_S1_20180706_20190806,ARMS_Svalbard_S1_20180706_20190806_MF500_ETOH,Motile,EtOH,500,not provided,197,6
NOR,Svalbard,S1,06/07/2018,06/08/2019,ARMS_Svalbard_S1_20180706_20190806,ARMS_Svalbard_S1_20180706_20190806_SF40_ETOH,Sessile,EtOH,40,not provided,197,6
NOR,Svalbard,S1,06/08/2019,04/08/2020,ARMS_Svalbard_S1_20190806_20200804,ARMS_Svalbard_S1_20190806_20200804_MF100,Motile,DMSO,100,not provided,321,6
NOR,Svalbard,S1,06/08/2019,04/08/2020,ARMS_Svalbard_S1_20190806_20200804,ARMS_Svalbard_S1_20190806_20200804_MF500,Motile,DMSO,500,not provided,321,6
NOR,Svalbard,S1,06/08/2019,04/08/2020,ARMS_Svalbard_S1_20190806_20200804,ARMS_Svalbard_S1_20190806_20200804_SF40,Sessile,DMSO,40,not provided,321,4
NOR,Svalbard,S2,08/07/2018,05/08/2019,ARMS_Svalbard_S2_20180708_20190805,ARMS_Svalbard_S2_20180708_20190805_MF100_ETOH,Motile,EtOH,100,not provided,194,6
NOR,Svalbard,S2,08/07/2018,05/08/2019,ARMS_Svalbard_S2_20180708_20190805,ARMS_Svalbard_S2_20180708_20190805_MF500_ETOH,Motile,EtOH,500,not provided,194,4
NOR,Svalbard,S2,08/07/2018,05/08/2019,ARMS_Svalbard_S2_20180708_20190805,ARMS_Svalbard_S2_20180708_20190805_SF40_ETOH,Sessile,EtOH,40,not provided,194,4
NOR,Svalbard,S2,05/08/2019,01/08/2020,ARMS_Svalbard_S2_20190805_20200801,ARMS_Svalbard_S2_20190805_20200801_MF100,Motile,DMSO,100,not provided,294,4
NOR,Svalbard,S2,05/08/2019,01/08/2020,ARMS_Svalbard_S2_20190805_20200801,ARMS_Svalbard_S2_20190805_20200801_MF500,Motile,DMSO,500,not provided,294,4
NOR,Svalbard,S2,05/08/2019,01/08/2020,ARMS_Svalbard_S2_20190805_20200801,ARMS_Svalbard_S2_20190805_20200801_SF40,Sessile,DMSO,40,not provided,294,6
POL,Gdynia,GDY1,13/08/2018,29/10/2019,ARMS_Gdynia_GDY1_20180813_20191029,ARMS_Gdynia_GDY1_20180813_20191029_MF100_DMSO,Motile,DMSO-EDTA,100,not provided,118,6
POL,Gdynia,GDY1,13/08/2018,29/10/2019,ARMS_Gdynia_GDY1_20180813_20191029,ARMS_Gdynia_GDY1_20180813_20191029_MF500_DMSO,Motile,DMSO-EDTA,500,not provided,118,6
POL,Gdynia,GDY1,13/08/2018,29/10/2019,ARMS_Gdynia_GDY1_20180813_20191029,ARMS_Gdynia_GDY1_20180813_20191029_SF38_DMSO,Sessile,DMSO-EDTA,38,not provided,118,3
POL,Gdynia,GDY1,19/06/2019,29/10/2019,ARMS_Gdynia_GDY1_20190619_20191029,ARMS_Gdynia_GDY1_20190619_20191029_MF100,Motile,DMSO-EDTA,100,not provided,154,4
POL,Gdynia,GDY1,19/06/2019,29/10/2019,ARMS_Gdynia_GDY1_20190619_20191029,ARMS_Gdynia_GDY1_20190619_20191029_MF500,Motile,DMSO-EDTA,500,not provided,154,6
POL,Gdynia,GDY1,19/06/2019,29/10/2019,ARMS_Gdynia_GDY1_20190619_20191029,ARMS_Gdynia_GDY1_20190619_20191029_SF38,Sessile,DMSO-EDTA,38,not provided,154,4
SVN,GulfOfPiran,Fornace,15/08/2018,18/11/2018,ARMS_GulfOfPiran_Fornace_20180815_20181118,ARMS_GulfOfPiran_Fornace_20180815_20181118_MF100_DMSO,Motile,DMSO,100,not provided,154,4
SVN,GulfOfPiran,Fornace,15/08/2018,18/11/2018,ARMS_GulfOfPiran_Fornace_20180815_20181118,ARMS_GulfOfPiran_Fornace_20180815_20181118_MF100_ETOH,Motile,EtOH,100,not provided,154,4
SVN,GulfOfPiran,Fornace,15/08/2018,18/11/2018,ARMS_GulfOfPiran_Fornace_20180815_20181118,ARMS_GulfOfPiran_Fornace_20180815_20181118_MF500_DMSO,Motile,DMSO,500,not provided,154,6
SVN,GulfOfPiran,Fornace,15/08/2018,18/11/2018,ARMS_GulfOfPiran_Fornace_20180815_20181118,ARMS_GulfOfPiran_Fornace_20180815_20181118_MF500_ETOH,Motile,EtOH,200,not provided,154,4
SVN,GulfOfPiran,Fornace,15/08/2018,18/11/2018,ARMS_GulfOfPiran_Fornace_20180815_20181118,ARMS_GulfOfPiran_Fornace_20180815_20181118_SF_DMSO,Sessile,DMSO-EDTA,not provided,not provided,154,4
SVN,GulfOfPiran,Fornace,15/08/2018,18/11/2018,ARMS_GulfOfPiran_Fornace_20180815_20181118,ARMS_GulfOfPiran_Fornace_20180815_20181118_SF_ETOH,Sessile,EtOH,not provided,not provided,154,4
SWE,Koster,VH1,18/04/2018,27/05/2019,ARMS_Koster_VH1_20180418_20190527,ARMS_Koster_VH1_20180418_20190527_MF100_DMSO,Motile,DMSO,100,Yes,117,6
SWE,Koster,VH1,18/04/2018,27/05/2019,ARMS_Koster_VH1_20180418_20190527,ARMS_Koster_VH1_20180418_20190527_MF500_DMSO,Motile,DMSO,500,Yes,117,6
SWE,Koster,VH1,18/04/2018,27/05/2019,ARMS_Koster_VH1_20180418_20190527,ARMS_Koster_VH1_20180418_20190527_SF40_DMSO,Sessile,DMSO,40,Yes,117,6
SWE,Koster,VH1,27/05/2019,16/07/2020,ARMS_Koster_VH1_20190527_20200716,ARMS_Koster_VH1_20190527_20200716_MF100,Motile,DMSO,100,not provided,36,6
SWE,Koster,VH1,27/05/2019,16/07/2020,ARMS_Koster_VH1_20190527_20200716,ARMS_Koster_VH1_20190527_20200716_MF500,Motile,DMSO,500,not provided,36,6
SWE,Koster,VH1,27/05/2019,16/07/2020,ARMS_Koster_VH1_20190527_20200716,ARMS_Koster_VH1_20190527_20200716_SF40,Sessile,DMSO,40,not provided,36,6
SWE,Koster,VH2,18/04/2018,06/09/2018,ARMS_Koster_VH2_20180418_20180906,ARMS_Koster_VH2_20180418_20180906_MF100_ETOH,Motile,EtOH,100,Yes,76,6
SWE,Koster,VH2,18/04/2018,06/09/2018,ARMS_Koster_VH2_20180418_20180906,ARMS_Koster_VH2_20180418_20180906_MF500_ETOH,Motile,EtOH,500,Yes,76,6
SWE,Koster,VH2,18/04/2018,06/09/2018,ARMS_Koster_VH2_20180418_20180906,ARMS_Koster_VH2_20180418_20180906_PS90_ETOH,Plankton,EtOH,90,N/A (Not relevant information for this fraction/sample),76,4
SWE,Koster,VH2,18/04/2018,06/09/2018,ARMS_Koster_VH2_20180418_20180906,ARMS_Koster_VH2_20180418_20180906_SED100_DMSO,Sediment,DMSO,100,N/A (Not relevant information for this fraction/sample),76,6
SWE,Koster,VH2,18/04/2018,06/09/2018,ARMS_Koster_VH2_20180418_20180906,ARMS_Koster_VH2_20180418_20180906_SED500_DMSO,Sediment,DMSO,500,N/A (Not relevant information for this fraction/sample),76,6
SWE,Koster,VH2,18/04/2018,06/09/2018,ARMS_Koster_VH2_20180418_20180906,ARMS_Koster_VH2_20180418_20180906_SF40_DMSO,Sessile,DMSO,40,Yes,76,6
SWE,Koster,VH2,18/04/2018,06/09/2018,ARMS_Koster_VH2_20180418_20180906,ARMS_Koster_VH2_20180418_20180906_SF40_ETOH,Sessile,EtOH,40,Yes,76,6
SWE,Koster,VH2,27/05/2019,16/07/2020,ARMS_Koster_VH2_20190527_20200716,ARMS_Koster_VH2_20190527_20200716_MF100,Motile,DMSO,100,not provided,27,6
SWE,Koster,VH2,27/05/2019,16/07/2020,ARMS_Koster_VH2_20190527_20200716,ARMS_Koster_VH2_20190527_20200716_MF500,Motile,DMSO,500,not provided,27,6
SWE,Koster,VH2,27/05/2019,16/07/2020,ARMS_Koster_VH2_20190527_20200716,ARMS_Koster_VH2_20190527_20200716_SF40,Sessile,DMSO,40,not provided,27,6
SWE,Koster,VH3,18/04/2018,27/05/2019,ARMS_Koster_VH3_20180418_20190527,ARMS_Koster_VH3_20180418_20190527_MF100_DMSO,Motile,DMSO,100,Yes,109,6
SWE,Koster,VH3,18/04/2018,27/05/2019,ARMS_Koster_VH3_20180418_20190527,ARMS_Koster_VH3_20180418_20190527_MF500_DMSO,Motile,DMSO,500,Yes,109,6
SWE,Koster,VH3,18/04/2018,27/05/2019,ARMS_Koster_VH3_20180418_20190527,ARMS_Koster_VH3_20180418_20190527_SF40_DMSO,Sessile,DMSO,40,Yes,109,4
SWE,Koster,VH3,27/05/2019,16/07/2020,ARMS_Koster_VH3_20190527_20200716,ARMS_Koster_VH3_20190527_20200716_MF100,Motile,DMSO,100,not provided,31,6
SWE,Koster,VH3,27/05/2019,16/07/2020,ARMS_Koster_VH3_20190527_20200716,ARMS_Koster_VH3_20190527_20200716_MF500,Motile,DMSO,500,not provided,31,6
SWE,Koster,VH3,27/05/2019,16/07/2020,ARMS_Koster_VH3_20190527_20200716,ARMS_Koster_VH3_20190527_20200716_SF40,Sessile,DMSO,40,not provided,31,6
SWE,Laesoe,Laeso1,19/08/2019,11/08/2020,ARMS_Laeso_Laeso1_20190819_20200811,ARMS_Laeso_Laeso1_20190819_20200811_MF100,Motile,DMSO,100,Yes,27,6
SWE,Laesoe,Laeso1,19/08/2019,11/08/2020,ARMS_Laeso_Laeso1_20190819_20200811,ARMS_Laeso_Laeso1_20190819_20200811_MF500,Motile,DMSO,500,Yes,27,6
SWE,Laesoe,Laeso1,19/08/2019,11/08/2020,ARMS_Laeso_Laeso1_20190819_20200811,ARMS_Laeso_Laeso1_20190819_20200811_SF40,Sessile,DMSO,40,Yes,27,6
SWE,Laesoe,Laeso2,19/08/2019,11/08/2020,ARMS_Laeso_Laeso2_20190819_20200811,ARMS_Laeso_Laeso2_20190819_20200811_MF100,Motile,DMSO,100,Yes,21,6
SWE,Laesoe,Laeso2,19/08/2019,11/08/2020,ARMS_Laeso_Laeso2_20190819_20200811,ARMS_Laeso_Laeso2_20190819_20200811_MF500,Motile,DMSO,500,Yes,21,4
SWE,Laesoe,Laeso2,19/08/2019,11/08/2020,ARMS_Laeso_Laeso2_20190819_20200811,ARMS_Laeso_Laeso2_20190819_20200811_SF40,Sessile,DMSO,40,Yes,21,6
SWE,Laesoe,Laeso3,19/08/2019,11/08/2020,ARMS_Laeso_Laeso3_20190819_20200811,ARMS_Laeso_Laeso3_20190819_20200811_MF100,Motile,DMSO,100,Yes,21,6
SWE,Laesoe,Laeso3,19/08/2019,11/08/2020,ARMS_Laeso_Laeso3_20190819_20200811,ARMS_Laeso_Laeso3_20190819_20200811_MF500,Motile,DMSO,500,Yes,21,6
SWE,Laesoe,Laeso3,19/08/2019,11/08/2020,ARMS_Laeso_Laeso3_20190819_20200811,ARMS_Laeso_Laeso3_20190819_20200811_SF40,Sessile,DMSO,40,Yes,21,6
